PD_NO,PD_EXG_MKT,PD_NM,PD_ABRV_NM,PD_ENG_NM,PD_ABRV_ENG_NM,PD_CTRY_CD,PD_PBCM,STD_PD_MCLS_NM,STD_PD_SCLS_NM,BD_KND,CURR_CD,ISU_BAL_AMT,ISU_DT,MAT_DT,SRFC_IRT,PD_EVCO_CRD_GRD,PD_RISK_GCD,PD_STD_INFO_UPDATE,BUY_YIELD,CORP_PRETAX_YIELD,CORP_AFTER_TAX_YIELD,AFTER_TAX_YIELD,PREF_TAX_YIELD,AVG_ANNUAL_TAX_YIELD,DEPO_EQUIV_YIELD_154,BUYABLE_QUANTITY,REMAINING_DAYS,DUR,COV,NDY_DUR,NDY_COV,EVAL_PRICE,APPLIED_YIELD,DIRTY,NDY_EVAL_PRICE,NDY_APPLIED_YIELD,NDY_DIRTY,CRD_GRD,CRD_GRD_DT
KR350102GC41,장내,한국전력공사채권1166,한국전력1166                            ,KOREA ELECTRIC POWER CORPCORPORATION1166                                        ,KEPCO1166                               ,KR,한국전력공사(주)                    ,특수채,공사채,일반특수법인채                ,KRW,160000000000,20220401,20250401,3.45,"AAA, AAA",6,20250402,,,,,,,,,0,0,0,0,0,10172.5,2.756,10172.5,0,0,0,AAA,20250331
KR354433G374,장내,한국주택금융공사 MBS2013-27(1-7)(콜),주택금융공사MBS2013-27(1-7)             ,Korea Housing Finance CorporationMBS2013-27(1-7)                                ,KHFCMBS2013-27(1-7)                     ,KR,한국주택금융공사                    ,특수채,공사채,MBS                           ,KRW,5400000000,20130729,20280729,3.75,AAA,6,20260224,,,,,,,,,886,0.2572,0.1904,0.27,0.2208,10052.25,2.98,10052.25,10053.08,2.98,10053.08,AAA,20130729
KR350702GF34,장내,한국도로공사고속도로건설채권931,도로공사931                             ,KOREA EXPRESSWAY931                                                             ,KOREA EXPRESSWAY931                     ,KR,한국도로공사                        ,특수채,공사채,일반특수법인채                ,KRW,90000000000,20250306,20300306,2.863,"AAA, AAA",6,20260224,,,,,,,,,1471,3.7279,16.2262,3.7313,16.2087,9889.09,3.523,9889.09,9890.049999999999,3.523,9890.049999999999,AAA,20250306
KR60681729A4,장내,한국동서발전 33-2                                                                                   ,한국동서발전33-2                        ,KOREA EAST-WEST POWER33-2                                                       ,KOREA EASTWEST POWER33-2                ,KR,한국동서발전(주)                    ,회사채,일반사채,일반회사채                    ,KRW,80000000000,20191007,20491007,1.423,"AAA, AAA",5,20260224,,,,,,,,,8626,18.2799,396.8479,18.2955,396.7865,5546.46,4.511,5546.46,5547.15,4.511,5547.15,AAA,20191007
KR6016611F39,장외,DB금융투자 9(사모/후),DB금융투자9                             ,DB Financial Investment9                                                        ,DBFI9                                   ,KR,디비증권(주)                        ,회사채,일반사채,투자매매.중개채               ,KRW,30000000000,20250306,20310306,5.8,"A, A",1,20250306,,,,,,,,,2191,,,,,10000,5.8,,,,,,20250306
KR354417GD18,장내,한국주택금융공사 MBS2023-2(1-6)(사)(콜),주택금융공사MBS2023-2(1-6)(사)          ,Korea Housing Finance CorporationMBS2023-2(1-6)(S)                              ,KHFCMBS2023-2(1-6)(S)                   ,KR,한국주택금융공사                    ,특수채,공사채,MBS                           ,KRW,50000000000,20230120,20330120,4.428,AAA,6,20260224,,,,,,,,,2522,4.6416,26.2817,4.772,28.1471,10177.18,4.115,10177.18,10178.34,4.115,10178.34,AAA,20230120
KR6135571F92,장외,광덕철강14(PCBO사모/콜),광덕철강14                              ,KWANG DUK14                                                                     ,KWANG DUK14                             ,KR,광덕철강(주)                        ,회사채,일반사채,일반회사채                    ,KRW,730000000,20250929,20270929,6.494,,1,20250929,,,,,,,,,730,,,,,10000,6.494,,,,,,20250929
KR60085K3F76,장내,티월드제일백일십삼차유동화전문1-3,티월드제일백일십삼차1-3                 ,T-WORLD 113TH SECURITIZATION SPECIALTY1-3                                       ,T-WORLD 113TH SEC1-3                    ,KR,티월드제일백일십삼차유동화전문(유)  ,회사채,일반사채,유동화회사채                  ,KRW,5000000000,20250725,20251025,2.559,"AAA, AAA, AAA",5,20251027,,,,,,,,,0,0,0,0,0,10014.68,2.572,10021.78,0,0,0,AAA,20250716
KR6158851E54,장외,세미조경개발6(PCBO사모/콜),세미조경개발6                           ,Landscape Architec6                                                             ,Landscape Architec6                     ,KR,세미조경개발(주)                    ,회사채,일반사채,일반회사채                    ,KRW,1400000000,20240530,20260530,6.289,,1
KR3544077067,장내,한국주택금융공사MBS2010-5(1-7)(콜),주택금융공사MBS2010-5(1-7),Korea Housing Finance CorporationMBS2010-5(1-7),KHFCMBS2010-5(1-7),KR,한국주택금융공사                    ,특수채,공사채,MBS                           ,KRW,0,20100617,20250617,5.21,AAA,6
KR6108091E34,장외,에스제이테크10(PCBO사모/콜),에스제이테크10                          ,SJ TECH10                                                                       ,SJ TECH10                               ,KR,(주)에스제이테크                    ,회사채,일반사채,일반회사채                    ,KRW,6480000000,20240328,20260328,6.43,,1
KR6030625E43,장내,롯데카드 527-5,롯데카드527-5                           ,LOTTE CARD527-5                                                                 ,LOTTE CARD527-5                         ,KR,롯데카드(주)                        ,회사채,일반사채,신용카드채                    ,KRW,10000000000,20240408,20260609,4.023,"AA-, AA-, AA-",5,20260224,,,,,,,,,105,0.2854,0.138,0.2836,0.1316,10077.57,3.144,10077.57,10078.44,3.144,10078.44,AA-,20240408
KR6273601E62,장외,우성염직4(PCBO사모/콜),우성염직4                               ,WOOSUNG DYETECH4                                                                ,WOOSUNG DYETECH4                        ,KR,(주)우성염직                        ,회사채,일반사채,일반회사채                    ,KRW,650000000,20240627,20260627,6.101,,1
KR6446831FC5,장외,스마트케이제일차 3(사모),스마트케이제일차3                       ,SmartK 1st3                                                                     ,SmartK 1st3                             ,KR,스마트케이제일차(주)                ,회사채,일반사채,Conduit회사채                 ,KRW,50000000000,20251224,20280922,3.34,,5,20260224,,,,,,,,,941,1.2629,3.4148,1.2615,3.4142,10025.66,3.466,10025.66,10026.57,3.466,10026.57,AA0,20251224
KR601980BE13,장내,하나캐피탈417-5,하나캐피탈417-5                         ,HANA CAPITAL417-5                                                               ,HANA CAPITAL417-5                       ,KR,하나캐피탈(주)                      ,회사채,일반사채,할부금융채                    ,KRW,40000000000,20240112,20260112,4.153,"AA-, AA-, AA-",5,20260113,,,,,,,,,0,0,0,0,0,10103.82,2.803,10103.82,0,0,0,AA-,20260107
KR6423501F30,장외,토탈에너지2(PCBO사모/콜),토탈에너지 주식회사2                    ,Total Energy2                                                                   ,Total Energy2                           ,KR,토탈에너지(주)                      ,회사채,일반사채,일반회사채                    ,KRW,1000000000,20250327,20270327,0,,1
KR608297BDB6,장내,미래에셋캐피탈97-7,미래에셋캐피탈97-7                      ,Mirae Asset Capital97-7                                                         ,Mirae Asset Capital97-7                 ,KR,미래에셋캐피탈(주)                  ,회사채,일반사채,할부금융채                    ,KRW,20000000000,20231122,20281122,5.111,"AA-, AA-, AA-",5,20260224,,,,,,,,,1002,2.562,7.4228,2.5619,7.4112,10352.23,3.765,10352.23,10353.32,3.765,10353.32,AA-,20231122
KR6053591CB8,장외,한국테크놀로지26CB,한국테크놀로지26CB                      ,HANKOOK Technology26CB                                                          ,HANKOOK Technology26CB                  ,KR,,회사채,일반사채,,KRW,0,20221114,20251114,5,,1
KR6173291E44,장외,자유에너지9(PCBO사모/콜),자유에너지9                             ,JAYOO ENERGY9                                                                   ,JAYOO ENERGY9                           ,KR,자유에너지(주)                      ,회사채,일반사채,일반회사채                    ,KRW,1400000000,20240429,20260429,4.85,,1
KR60113V5F97,장내,한국캐피탈제팔차유동화전문1-5(콜),한국캐피탈제팔차1-5                     ,Hankook Capital 8th Securitization Specialty1-5                                 ,Hankook Capital 8th1-5                  ,KR,한국캐피탈제팔차유동화전문(유)      ,회사채,일반사채,유동화회사채                  ,KRW,15000000000,20250925,20260225,2.843,"AAA, AAA, AAA",5,20260224,,,,,,,,,1,0.0026,0.0002,0,0,10022.9,2.889,10022.9,10023.69,2.889,10023.69,AAA,20250917
KR6362391F82,장외,모팜5(PCBO사모/콜),모팜5                                   ,MOPAM5                                                                          ,MOPAM5                                  ,KR,(주)모팜                            ,회사채,일반사채,일반회사채                    ,KRW,2350000000,20250828,20270828,5.569,,1
KR60153TCG13,장내,티월드제일백일십구차유동화전문1-12,티월드제일백일십구차1-12                ,T-WORLD 119TH SECURITIZATION SPECIALTY1-12                                      ,T-WORLD 119TH SEC1-12                   ,KR,티월드제일백일십구차유동화전문(유)  ,회사채,일반사채,유동화회사채                  ,KRW,2500000000,20260123,20270123,3.037,"AAA, AAA, AAA",5,20260224,,,,,,,,,333,0.8996,0.8895,0.8976,0.8852,9992.84,3.135,9992.84,9993.77,3.135,9993.77,AAA,20260114
KR6356101D53,장외,준서예건3(PCBO사모/콜),준서예건3                               ,JUNSEOYEGEON3                                                                   ,JUNSEOYEGEON3                           ,KR,(주)준서예건                        ,회사채,일반사채,일반회사채                    ,KRW,850000000,20230530,20250530,7.967,,1
KR354421GDC5,장내,한국주택금융공사MBS2023-36(1-8)(사)(콜),주택금융공사MBS2023-36(1-8)(사)         ,Korea Housing Finance CorporationMBS2023-36(1-8)(S)                             ,KHFCMBS2023-36(1-8)(S)                  ,KR,한국주택금융공사                    ,특수채,공사채,MBS                           ,KRW,40000000000,20231219,20431219,4.03,AAA,6,20260224,,,,,,,,,6507,9.198399999999999,103.5324,9.204499999999999,104.4486,9933.51,4.172,9933.51,9934.66,4.172,9934.66,AAA,20231219
KR356502DD12,장외,평택도시공사보상(평택호)2023-02가,평택도시공사보상(평택호)2023-02가       ,PYEONGTAEK URBAN CORPORATION(LAND)(PTLAKE)2023-02A                              ,PUC(LAND)(PTLAKE)2023-02A               ,KR,평택도시공사                        ,특수채,일반사채,지방공사보상채권              ,KRW,72000000,20230131,20260131,3.54,"AA, AA",6,20260202,,,,,,,,,0,0,0,0,0,10733.33,2.711,11100,0,0,0,AA0,20230117
KR609592BC34,장내,현대커머셜436-1,현대커머셜436-1                         ,HYUNDAI COMMERCIAL436-1                                                         ,HYUNDAI COMMERCIAL436-1                 ,KR,현대커머셜(주)                      ,회사채,일반사채,할부금융채                    ,KRW,0,20220324,20250318,3.241,"AA-, AA-, AA-",5,20250319,,,,,,,,,0,0,0,0,0,10074.59,0,10074.59,0,0,0,AA-,20250227
KR601980FD93,장내,하나캐피탈403-6,하나캐피탈403-6                         ,HANA CAPITAL403-6                                                               ,HANA CAPITAL403-6                       ,KR,하나캐피탈(주)                      ,회사채,일반사채,할부금융채                    ,KRW,20000000000,20230915,20270913,4.874,"AA-, AA-, AA-",5,20260224,,,,,,,,,566,1.4788,2.6001,1.4778,2.592,10332.77,3.3,10332.77,10333.71,3.3,10333.71,AA-,20230915
KR354701GFB7,장내,부산교통공사 2025-16,부산교통공사2025-16                     ,BUSAN TRANSPORTATION CORPORATION2025-16                                         ,BUSAN TRANS2025-16                      ,KR,부산교통공사                        ,특수채,일반사채,일반지방공사채                ,KRW,9600000000,20251113,20281113,3.24,"AA+, AA+",6,20260224,,,,,,,,,993,2.5931,7.5097,2.5929,7.4974,9944.440000000001,3.493,9944.440000000001,9945.41,3.493,9945.41,AA+,20251113
KR614017BA66,장내,케이비국민카드306-3                                                                                 ,케이비국민카드306-3                     ,KB KOOKMIN CARD306-3                                                            ,KB CARD306-3                            ,KR,(주)KB국민카드                      ,회사채,일반사채,신용카드채                    ,KRW,10000000000,20200629,20250627,1.584,"AA+, AA+, AA+",5,20250630,,,,,,,,,0,0,0,0,0,10039.05,2.532,10039.05,0,0,0,AA+,20250530
KR6065908FB3,장내,현대카드946-5,현대카드946-5                           ,HYUNDAI CARD946-5                                                               ,HYUNDAI CARD946-5                       ,KR,현대카드(주)                        ,회사채,일반사채,신용카드채                    ,KRW,100000000000,20251126,20281124,3.335,"AA+, AA+, AA+",5,20260224,,,,,,,,,1004,2.6006,7.6103,2.6006,7.5993,10010.65,3.606,10010.65,10011.63,3.606,10011.63,AA+,20251126
KR6146973EA5,장외,대진기계7-3(PCBO사모),대진기계7-3                             ,DAE JIN MACHINARY7-3                                                            ,DAE JIN MACHINARY7-3                    ,KR,(주)대진기계                        ,회사채,일반사채,일반회사채                    ,KRW,800000000,20241024,20271024,0,,1
KR6000112F29,장외,스탠다드차타드은행25-02-이02-27,스탠다드차타드은행25-02-이02-27         ,StandardCharteredBank25-02COUPON02-27                                           ,SCBank25-02COUPON02-27                  ,KR,(주)한국스탠다드차타드은행          ,회사채,은행채,일반은행채                    ,KRW,250000000000,20250227,20260827,2.82,"AAA, AAA, AAA",5,20260224,,,,,,,,,184,0.4996,0.3738,0.4978,0.3712,10067.74,2.828,10067.74,10068.51,2.828,10068.51,AAA,20250226
KR60123J2FA9,장외,한솔제육십차1-7(사모),한솔제육십차1-7                         ,Hansol 60th1-7                                                                  ,Hansol 60th1-7                          ,KR,한솔제육십차(주)                    ,회사채,일반사채,Conduit회사채                 ,KRW,83000000,20251023,20270405,3.1,,5,20260224,,,,,,,,,405,1.0718,2.1839,1.0691,2.1757,9621.91,3.529,9621.91,9622.84,3.529,9622.84,AAA,20251023
KR6140176DB1,장내,케이비국민카드392-6,케이비국민카드392-6                     ,KB KOOKMIN CARD392-6                                                            ,KB CARD392-6                            ,KR,(주)KB국민카드                      ,회사채,일반사채,신용카드채                    ,KRW,140000000000,20231113,20261113,4.741,"AA+, AA+, AA+",5,20260224,,,,,,,,,262,0.7058,0.6713,0.7042,0.6666,10141.28,2.953,10141.28,10142.12,2.953,10142.12,AA+,20231113
KR6025083F39,장내,하나에프앤아이189-3,하나에프앤아이189-3                     ,Hana F&I189-3                                                                   ,Hana F&I189-3                           ,KR,하나에프앤아이(주)                  ,회사채,일반사채,기타금융회사채                ,KRW,160000000000,20250312,20280310,3.338,"A+, A+",4,20260224,,,,,,,,,745,1.9509,4.3624,1.9503,4.3524,9988.200000000001,3.749,9988.200000000001,9989.23,3.749,9989.23,A+,20250312
KR6068603C66,장외,웰텍19-3(PCBO사모),웰텍19-3                                ,WELTECH19-3                                                                     ,WELTECH19-3                             ,KR,웰텍(주)                            ,회사채,일반사채,일반회사채                    ,KRW,1500000000,20220628,20250628,7.109,,1
KR6037761F82,장외,쎄니트11(PCBO사모/콜),쎄니트11                                ,CENIT11                                                                         ,CENIT11                                 ,KR,(주)쎄니트                          ,회사채,일반사채,일반회사채                    ,KRW,1680000000,20250828,20270828,4.569,,1
KR6447391CA0,장외,비지엠1(PCBO사모/콜),비지엠1                                 ,BGM1                                                                            ,BGM1                                    ,KR,(주)비지엠                          ,회사채,일반사채,일반회사채                    ,KRW,500000000,20221026,20251026,6.513,,1
KR6338671C94,장외,진명스틸2(PCBO사모/콜),진명스틸2                               ,JINMYOUNG STEEL2                                                                ,JINMYOUNG STEEL2                        ,KR,(주)진명스틸                        ,회사채,일반사채,일반회사채                    ,KRW,2000000000,20220929,20250929,6.164,,1
KR380802G576,장내,한국수출입금융(구조) 1507라-이표-15(콜/변),한국수출입금융(구조)1507라-이표-15(콜),THE EXPORTIMPORT BANK OF KOREA(STR)1507D-COUP-15(C),KOREA EXIM BANK(STR)1507D-COUP-15(C),KR,한국수출입은행,특수채,특수은행채,특수은행채,KRW,0,20150721,20160721,3.45,"AAA, AAA, AAA",6
KR6351691EA3,장외,씨엠텍2(PCBO사모/콜),씨엠텍2                                 ,cmtech2                                                                         ,cmtech2                                 ,KR,(주)씨엠텍                          ,회사채,일반사채,일반회사채                    ,KRW,2500000000,20241028,20271028,3.698,,1
KR6205492DC2,장내,하나카드 252-2,하나카드252-2                           ,KEB HANA CARD252-2                                                              ,KEB HANA CARD252-2                      ,KR,하나카드(주)                        ,회사채,일반사채,신용카드채                    ,KRW,40000000000,20231211,20261210,4.148,"AA, AA, AA",5,20260224,,,,,,,,,289,0.7682,0.7821,0.7665999999999999,0.7771,10175.67,2.996,10175.67,10176.52,2.996,10176.52,AA0,20231211
KR6023763EA8,장내,한국캐피탈536-3,한국캐피탈536-3                         ,HAN KOOK CAPITAL536-3                                                           ,HAN KOOK CAPITAL536-3                   ,KR,한국캐피탈(주)                      ,회사채,일반사채,시설대여채(리스)              ,KRW,50000000000,20241025,20261023,4.846,"A, A, A",4,20260224,,,,,,,,,241,0.649,0.5758,0.6475,0.5703,10095.94,3.989,10095.94,10097.05,3.989,10097.05,A0,20241025
KR6104771E71,장외,아이비케이투자증권 신종자본증권 1(사모/콜/후),아이비케이투자증권신종자본증권 1        ,IBK SECURITIESHYBRID BOND 1                                                     ,IBK SECURITIESHYBRID BOND 1             ,KR,아이비케이투자증권(주)              ,회사채,일반사채,투자매매.중개채               ,KRW,100000000000,20240711,20540711,5.7,"A, A",1,20260224,,,,,,,,,10364,8.6389,197.5927,8.637600000000001,197.5364,10069.89,5.7,10069.89,10071.16,5.7,10071.16,A0,20241004
KR6095924F35,장내,현대커머셜 546-1,현대커머셜546-1                         ,HYUNDAI COMMERCIAL546-1                                                         ,HYUNDAI COMMERCIAL546-1                 ,KR,현대커머셜(주)                      ,회사채,일반사채,할부금융채                    ,KRW,40000000000,20250314,20270312,2.933,"AA-, AA-, AA-",5,20260224,,,,,,,,,381,1.0165,1.288,1.0151,1.2816,10031.48,3.198,10031.48,10032.36,3.198,10032.36,AA-,20250314
KR6162581F94,장외,대일랩서비스7(PCBO사모/콜),대일랩서비스7                           ,DAEIL LAB SERVICE7                                                              ,DAEIL LAB SERVICE7                      ,KR,(주)대일랩서비스                    ,회사채,일반사채,일반회사채                    ,KRW,310000000,20250929,20270929,6.544,,1,20250929,,,,,,,,,730,,,,,10000,6.544,,,,,,20250929
KR6192761E60,장외,파라1(PCBO사모/콜),파라1                                   ,PARA MEMBRANES1                                                                 ,PARA MEMBRANES1                         ,KR,(주)파라                            ,회사채,일반사채,일반회사채                    ,KRW,2000000000,20240619,20270619,5.553,,1
KR6019803D90,장내,하나캐피탈 401-3,하나캐피탈401-3                         ,HANA CAPITAL401-3                                                               ,HANA CAPITAL401-3                       ,KR,하나캐피탈(주)                      ,회사채,일반사채,할부금융채                    ,KRW,40000000000,20230907,20250905,4.652,"AA-, AA-, AA-",5,20250908,,,,,,,,,0,0,0,0,0,10114.7,2.514,10114.7,0,0,0,AA-,20250812
KR6014791EB8,장외,에이치엘디앤아이한라146(사모),에이치엘디앤아이한라146                 ,HL D&I HALLA146                                                                 ,HL D&I HALLA146                         ,KR,에이치엘디앤아이한라(주)            ,회사채,일반사채,일반회사채                    ,KRW,5000000000,20241126,20251126,7.1,,1,20241126,,,,,,,,,365,,,,,10000,7.1,,,,,,20241126
KR6097243E10,장내,엔에이치농협캐피탈227-3,엔에이치농협캐피탈227-3                 ,NH Capital227-3                                                                 ,NH Capital227-3                         ,KR,엔에이치농협캐피탈(주)              ,회사채,일반사채,할부금융채                    ,KRW,40000000000,20240126,20260126,4.185,"AA-, AA-, AA-",5,20260127,,,,,,,,,0,0,0,0,0,10104.62,2.787,10104.62,0,0,0,AA-,20260114
KR3507027182,장내,한국도로공사530,도로공사530                             ,KOREA EXPRESSWAY530                                                             ,KOREA EXPRESSWAY530                     ,KR,한국도로공사                        ,특수채,공사채,일반특수법인채                ,KRW,200000000000,20110823,20310823,4.27,"AAA, AAA",6,20260224,,,,,,,,,2006,4.8984,27.7158,4.9037,27.6936,10292.88,3.679,10292.88,10293.91,3.679,10293.91,AAA,20111220
KR6128221F34,장외,신화철강7(PCBO사모/콜),신화철강7                               ,SINHWA STEEL7                                                                   ,SINHWA STEEL7                           ,KR,신화철강(주)                        ,회사채,일반사채,일반회사채                    ,KRW,2180000000,20250327,20270327,5.93,,1,20250327,,,,,,,,,730,,,,,10000,5.93,,,,,,20250327
KR354413GA64,장내,한국주택금융공사 MBS2020-19(1-4)(사)(콜),주택금융공사MBS2020-19(1-4)(사)         ,Korea Housing Finance CorporationMBS2020-19(1-4)(S)                             ,KHFCMBS2020-19(1-4)(S)                  ,KR,한국주택금융공사                    ,특수채,공사채,MBS                           ,KRW,410000000000,20200616,20250616,1.606,AAA,6,20250617,,,,,,,,,0,0,0,0,0,10040.15,2.481,10040.15,0,0,0,AAA,20240806
KR354408GA53,장내,한국주택금융공사 MBS2020-13(1-8)(사)(콜),주택금융공사MBS2020-13(1-8)(사)         ,Korea Housing Finance CorporationMBS2020-13(1-8)(S)                             ,KHFCMBS2020-13(1-8)(S)                  ,KR,한국주택금융공사                    ,특수채,공사채,MBS                           ,KRW,20000000000,20200512,20400512,1.776,AAA,6,20260224,,,,,,,,,5191,11.949,160.2808,11.8701,158.2453,7771.57,3.82,7771.57,7772.4,3.82,7772.4,AAA,20200512
KR6033663EB6,장내,우리금융캐피탈514-3,우리금융캐피탈514-3                     ,WOORI FINANCIAL CAPITAL514-3                                                    ,WOORI F CAPITAL514-3                    ,KR,우리금융캐피탈(주)                  ,회사채,일반사채,할부금융채                    ,KRW,50000000000,20241105,20270504,3.475,"AA-, AA-, AA-",5,20260224,,,,,,,,,434,1.1591,1.634,1.1578,1.6266,10047.38,3.225,10047.38,10048.29,3.225,10048.29,AA-,20241105
KR6321201E30,장외,엔에스유통 5(PCBO사모/콜),엔에스유통5                             ,NS CIRCULATION5                                                                 ,NS CIRCULTION5                          ,KR,(주)엔에스유통                      ,회사채,일반사채,일반회사채                    ,KRW,0,20240328,20260328,5.38,,1
KR6164281FB5,장외,아리온9(PCBO사모/콜),아리온9                                 ,ARION9                                                                          ,ARION9                                  ,KR,아리온(주)                          ,회사채,일반사채,일반회사채                    ,KRW,737280000,20251106,20271106,5.726,,1,20251106,,,,,,,,,730,,,,,10000,5.726,,,,,,20251106
KR310202AEA7,장내,산업금융채권 24신할0100-1010-1(사),산금24신할01001010-1(사)                ,THE KOREA  DEVELOPMENT BANK24DIS01001010-1(S)                                   ,KDB24DIS01001010-1(S)                   ,KR,한국산업은행                        ,특수채,특수은행채,특수은행채                    ,KRW,350000000000,20241010,20251010,3.12,"AAA, AAA, AAA",6,20251013,,,,,,,,,0,0,0,0,0,10000,2.406,10000,0,0,0,AAA,20251002
KR6495543EA3,장외,신보2024제21차유동화전문1-3(녹),신보2024제21차유동화1-3(녹)             ,Kodit 2024 the 21th Securitization Specialty1-3(G)                              ,Kodit 2024 the 21th 1-3(G)              ,KR,,회사채,일반사채,,KRW,0,20241029,20280129,3.749,"C, C",1,20260224,,,,,,,,,704,1.5841,4.044,1.5823,4.0348,3027.88,104.318,3027.88,3028.63,104.318,3028.63,C0,20241029
KR2044012B26,장내,경기지역개발채권 21-02,경기지역개발21-02                       ,KYUNGKI PROVINCIAL DEVELOPMENT21-02                                             ,KYUNGKI PROVINCIAL21-02                 ,KR,경기도                              ,국공채,지역개발,지역개발채                    ,KRW,94914835000,20210228,20260228,1.05,,6,20260224,,,,,,,,,4,0.0094,0.0046,0.0072,0.0018,10533.23,2.585,10533.23,10533.98,2.585,10533.98
KR6101531E37,장외,해태제과식품19(PCBO사모/콜),해태제과식품19                          ,HAITAI CONFECTIONERY AND FOOD19                                                 ,HAITAI CONFECTIONERY19                  ,KR,해태제과식품(주)                    ,회사채,일반사채,일반회사채                    ,KRW,40000000000,20240328,20270328,4.21,,1
KR649586LEA2,장내,카드오토제오차유동화전문1-20(콜/중),카드오토제오차유동화1-20                ,Card Auto Fifth Securitization Specialty1-20                                    ,Card Auto Fifth SEC1-20                 ,KR,카드오토제오차유동화전문(유)        ,회사채,일반사채,유동화회사채                  ,KRW,5400000000,20241029,20290527,5.2,"A, A, A",4,20260224,,,,,,,,,1188,2.042,8.155900000000001,1.9906,9.6243,10039.19,5.2,10039.19,10040.47,5.2,10040.47,A0,20241029
KR6029787DA3,장내,삼성카드 2636(녹),삼성카드2636(녹)                        ,SAMSUNG CARD2636(G)                                                             ,SAMSUNG CARD2636(G)                     ,KR,삼성카드(주)                        ,회사채,일반사채,신용카드채                    ,KRW,40000000000,20231026,20250425,4.498,"AA+, AA+, AA+",5,20250428,,,,,,,,,0,0,0,0,0,10109.67,2.679,10109.67,0,0,0,AA+,20250331
KR646507JD80,장내,퍼스트파이브지제칠십차유동화전문 1-18,퍼스트파이브지70차유1-18                ,First 5G Seventieth Securitization Specialty1-18                                ,First 5G 70th SEC1-18                   ,KR,퍼스트파이브지제칠십차유동화전문(유),회사채,일반사채,유동화회사채                  ,KRW,5000000000,20230831,20250228,4.257,"AAA, AAA, AAA",5,20250304,,,,,,,,,0,0,0,0,0,10035.47,3.033,10035.47,0,0,0,AAA,20250204
KR6494431EA2,장외,디비닉스제사십삼차1(사모/콜/강제),디비닉스제사십삼차1                     ,DBNIX NO.431                                                                    ,DBNIX NO.431                            ,KR,디비닉스제사십삼차(주)              ,회사채,일반사채,Conduit회사채                 ,KRW,0,20241007,20251104,3.8,,1
KR6030625F75,장내,롯데카드 568-1,롯데카드568-1                           ,LOTTE CARD568-1                                                                 ,LOTTE CARD568-1                         ,KR,롯데카드(주)                        ,회사채,일반사채,신용카드채                    ,KRW,80000000000,20250722,20270820,2.86,"AA-, AA-, AA-",5,20260224,,,,,,,,,542,1.4478,2.4596,1.4468,2.449,9926.25,3.551,9926.25,9927.23,3.551,9927.23,AA-,20250722
KR6019454D35,장내,아이비케이캐피탈 275-2,아이비케이캐피탈275-2                   ,IBK CAPITAL CORPORATION275-2                                                    ,IBK CAPITAL275-2                        ,KR,(주)아이비케이캐피탈                ,회사채,일반사채,할부금융채                    ,KRW,30000000000,20230315,20280315,4.248,"AA-, AA-, AA-",5,20260224,,,,,,,,,750,1.9481,4.3755,1.9474,4.3657,10234.8,3.481,10234.8,10235.79,3.481,10235.79,AA-,20230315
KR6495977EA3,장내,중진공2024제2차스케일업유동화전문1-2-2(사),중진공2024제2차1-2-2(사)                ,KOSME 2024 2nd Scale-up Securitization Specialty1-2-2(S)                        ,KOSME 2024 2nd Scale1-2-2(S)            ,KR,중진공2024제2차스케일업유동화전문(유,회사채,일반사채,유동화회사채                  ,KRW,5000000000,20241025,20261025,3.363,"AAA, AAA",5,20260224,,,,,,,,,243,0.6561,0.5871,0.6544,0.5816,10048.76,3.045,10048.76,10049.6,3.045,10049.6,AAA,20241025
KR6176941F32,장내,아이엠캐피탈128-1,아이엠캐피탈128-1                       ,iM Capital128-1                                                                 ,iM Capital128-1                         ,KR,(주)아이엠캐피탈                    ,회사채,일반사채,할부금융채                    ,KRW,70000000000,20250313,20270312,3.29,"AA-, AA-",5,20260224,,,,,,,,,381,1.0142,1.2846,1.0128,1.2784,10068.87,3.267,10068.87,10069.79,3.267,10069.79,AA-,20250313
KR356003G4C7,장내,한국장학재단 14-50,한국장학재단14-50                       ,KOSAF14-50                                                                      ,KOSAF14-50                              ,KR,한국장학재단                        ,특수채,공사채,일반특수법인채                ,KRW,60000000000,20141219,20291219,2.912,,6,20260224,,,,,,,,,1394,3.5731,14.828,3.5763,14.8058,9881.65,3.394,9881.65,9882.559999999999,3.394,9882.559999999999
KR354301GC83,장내,인천도시공사214,인천도시공사214                         ,Incheon Housing and City Development Corporation214                             ,IH214                                   ,KR,인천도시공사                        ,특수채,일반사채,일반지방공사채                ,KRW,50000000000,20220830,20250829,4.826,"AA+, AA+",6,20250901,,,,,,,,,0,0,0,0,0,10120.31,2.406,10120.31,0,0,0,AA+,20250616
KR6130061F41,장외,반도10(PCBO사모/콜),반도10                                  ,BANDO10                                                                         ,BANDO10                                 ,KR,(주)반도                            ,회사채,일반사채,일반회사채                    ,KRW,800000000,20250429,20270429,6.019,,1
KR60066R1F99,장외,레티스제이차1-1(사모),레티스제이차1-1                         ,letis 2nd1-1                                                                    ,letis 2nd1-1                            ,KR,레티스제이차(주)                    ,회사채,일반사채,Conduit회사채                 ,KRW,142000000,20250903,20260930,2.9144,"AAA, AAA",1,20250903,,,,,,,,,392,,,,,9695.910195160001,2.9144,,,,,,20250903
KR6497441EB6,장외,클래시 1CB(사모/전환),클래시1CB                               ,Claccy1CB                                                                       ,Claccy1CB                               ,KR,(주)클래시                          ,회사채,일반사채,일반회사채                    ,KRW,100000000,20241125,20271125,6,,1,20241125,,,,,,,,,1095,,,,,10000,6,,,,,,20241125
KR2006022C97,장내,부산지역개발채권 22-09,부산지역개발22-09                       ,BUSAN PROVINCIAL DEVELOPMENT22-09                                               ,BUSAN PROVINCIAL22-09                   ,KR,부산광역시                          ,국공채,지역개발,지역개발채                    ,KRW,3048035000,20220930,20270930,1.05,,6,20260224,3.04,3.1345,2.9614,2.9614,3.0277,0,3.5005,0,583,1.5642,3.814,1.5665,3.7727,10060.85,2.925,10060.85,10061.64,2.925,10061.64
KR6019805C40,장내,하나캐피탈350-5,하나캐피탈350-5                         ,HANA CAPITAL350-5                                                               ,HANA CAPITAL350-5                       ,KR,하나캐피탈(주)                      ,회사채,일반사채,할부금융채                    ,KRW,20000000000,20220412,20250411,3.719,"AA-, AA-, AA-",5,20250414,,,,,,,,,0,0,0,0,0,10090.68,2.817,10090.68,0,0,0,AA-,20250407
KR646934FDA1,장내,티월드제구십이차유동화전문1-15,티월드제구십이차유1-15                  ,T-WORLD 92ND SECURITIZATION SPECIALTY1-15                                       ,T-WORLD 92ND SEC1-15                    ,KR,티월드제구십이차유동화전문(유)      ,회사채,일반사채,유동화회사채                  ,KRW,10000000000,20231025,20250125,4.525,"AAA, AAA, AAA",5,20250131,,,,,,,,,0,0,0,0,0,10028.44,3.169,10041,0,0,0,AAA,20231025
KR356105GF26,장내,토지주택채권516,토지주택채권516                         ,KOREA LAND & HOUSING CORPORATION516                                             ,KOREA L&H516                            ,KR,한국토지주택공사                    ,특수채,공사채,일반특수법인채                ,KRW,110000000000,20250221,20300221,2.878,"AAA, AAA",6,20260224,,,,,,,,,1458,3.7557,15.468,3.7563,15.4515,9766.68,3.513,9766.68,9767.629999999999,3.513,9767.629999999999,AAA,20250221
KR381002GFC5,장내,농업금융채권(은행) 2025-12이6M-C(변동),농업금융채권(은행)2025-12이6M-C(변동)   ,NongHyup Bank2025-12COUP6M-C(FRN)                                               ,NongHyup Bank2025-12COUP6M-C(FRN)       ,KR,농협은행                            ,특수채,특수은행채,특수은행채                    ,KRW,300000000000,20251211,20260611,2.81,"AAA, AAA, AAA",6,20260224,,,,,,,,,107,0.0411,0.003,0.0396,0.003,10014.66,2.681,10014.66,10015.43,2.681,10015.43,AAA,20251211
KR350802GD35,장내,한국가스공사 439,한국가스공사439                         ,KOREA GAS439                                                                    ,KOGAS439                                ,KR,한국가스공사(주)                    ,특수채,공사채,일반특수법인채                ,KRW,120000000000,20230315,20260315,3.848,"AAA, AAA",6,20260224,,,,,,,,,19,0.0518,0.0105,0.0498,0.008200000000000001,10081.66,2.73,10081.66,10082.43,2.73,10082.43,AAA,20230315
KR6174145D74,장내,우리카드 229-5,우리카드229-5                           ,WOORI CARD229-5                                                                 ,WOORI CARD229-5                         ,KR,(주)우리카드                        ,회사채,일반사채,신용카드채                    ,KRW,10000000000,20230712,20271012,4.658,"AA, AA, AA",5,20260224,,,,,,,,,595,1.5617,2.8674,1.5608,2.8582,10265.5,3.329,10265.5,10266.44,3.329,10266.44,AA0,20230712
KR6356201D52,장외,신진엔지니어링2(PCBO사모/콜),신진엔지니어링2                         ,SHINJIN ENGINEERING2                                                            ,SHINJIN ENGINEERING2                    ,KR,(주)신진엔지니어링                  ,회사채,일반사채,일반회사채                    ,KRW,1200000000,20230530,20250530,6.217,,1
KR6402151BA3,장외,보르도코퍼레이션 1(사모/콜),보르도코퍼레이션1                       ,Bordeaux corporation1                                                           ,Bordeaux corporation1                   ,KR,(주)보르도코퍼레이션                ,회사채,일반사채,Conduit회사채                 ,KRW,0,20211005,20250705,20,,1
KR6029883F17,장내,현대캐피탈2040-3,현대캐피탈2040-3                        ,HYUNDAI CAPITAL SERVICES2040-3                                                  ,HYUNDAI CAPITAL2040-3                   ,KR,현대캐피탈(주)                      ,회사채,일반사채,할부금융채                    ,KRW,30000000000,20250115,20300115,3.182,"AA+, AA+, AA+",5,20260224,,,,,,,,,1421,3.6322,14.5639,3.633,14.5467,9851.370000000001,3.691,9851.370000000001,9852.370000000001,3.691,9852.370000000001,AA+,20250115
KR6047041C86,장외,대우건설51(PCBO사모/콜),대우건설51                              ,DAEWOO ENGINEERING & CONSTRUCTION51                                             ,DWEC51                                  ,KR,(주)대우건설                        ,회사채,일반사채,일반회사채                    ,KRW,80000000000,20220825,20250825,4.993,,1
KR6195231D41,장외,부건에스앤에스5(PCBO사모/콜),부건에스앤에스5                         ,Bugun S&S5                                                                      ,Bugun S&S5                              ,KR,(주)부건에스앤에스                  ,회사채,일반사채,일반회사채                    ,KRW,380000000,20230427,20250427,7.788,,1
KR354401JD96,장외,한국주택금융공사MBS2023-25(2-1)(사)(사모/후),주택금융공사MBS2023-25(2-1)(사)         ,Korea Housing Finance CorporationMBS2023-25(2-1)(S)                             ,KHFCMBS2023-25(2-1)(S)                  ,KR,한국주택금융공사                    ,특수채,공사채,MBS                           ,KRW,2900000000,20230905,20540905,16.03,,1
KR356001G898,장내,한국장학재단 18-22,한국장학재단18-22                       ,KOSAF18-22                                                                      ,KOSAF18-22                              ,KR,한국장학재단                        ,특수채,공사채,일반특수법인채                ,KRW,40000000000,20180906,20280906,2.305,,6,20260224,,,,,,,,,925,2.4122,7.0936,2.4134,7.0813,9880.09,3.254,9880.09,9880.969999999999,3.254,9880.969999999999
KR351605G834,장외,중소벤처기업진흥채권599                                                                             ,중소벤처기업진흥채권599                 ,Korea SMEs and Startups Agency599                                               ,KOSME599                                ,KR,중소벤처기업진흥공단                ,특수채,공사채,일반특수법인채                ,KRW,70000000000,20180326,20330325,2.746,"AAA, AAA",6,20260224,,,,,,,,,2586,6.3578,44.5704,6.3605,44.5413,9481.32,3.654,9481.32,9482.280000000001,3.654,9482.280000000001,AAA,20180326
KR6078131C41,장외,국일제지 8CB(사모/전환/풋),국일제지8CB                             ,KUK-IL PAPER MFG8CB                                                             ,KUK-IL PAPER MFG8CB                     ,KR,국일제지(주)                        ,회사채,일반사채,일반회사채                    ,KRW,0,20220429,20270429,0,,1,20230315,,,,,,,,,1506,4.0933,8.761200000000001,4.0933,8.761200000000001,8653.51,5.212,8653.51,8656.059999999999,5.212,8656.059999999999
KR354402J399,장외,한국주택금융공사 MBS2013-32(2-1)(사모/후),주택금융공사MBS2013-32(2-1),Korea Housing Finance CorporationMBS2013-32(2-1),KHFCMBS2013-32(2-1),KR,한국주택금융공사                    ,특수채,공사채,MBS                           ,KRW,400000000,20130927,20340927,14.59,BB,1
KR381006GFC6,장내,농업금융채권(은행) 2025-12이3M-F,농업금융채권(은행)2025-12이3M-F         ,NongHyup Bank2025-12COUP3M-F                                                    ,NongHyup Bank2025-12COUP3M-F            ,KR,농협은행                            ,특수채,특수은행채,특수은행채                    ,KRW,100000000000,20251229,20260330,2.8,"AAA, AAA, AAA",6,20260224,,,,,,,,,34,0.0929,0.0244,0.09089999999999999,0.0211,10044.86,2.74,10044.86,10045.62,2.74,10045.62,AAA,20251229
KR381007GD82,장내,농업금융채권(은행) 2023-08이3Y-G,농업금융채권(은행)2023-08이3Y-G         ,NongHyup Bank2023-08COUP3Y-G                                                    ,NongHyup Bank2023-08COUP3Y-G            ,KR,농협은행                            ,특수채,특수은행채,특수은행채                    ,KRW,160000000000,20230828,20260828,4.22,"AAA, AAA, AAA",6,20260224,,,,,,,,,185,0.4998,0.3748,0.498,0.3721,10171.82,2.816,10171.82,10172.6,2.816,10172.6,AAA,20230828
KR646507LD86,장내,퍼스트파이브지제칠십차유동화전문 1-20,퍼스트파이브지70차유1-20                ,First 5G Seventieth Securitization Specialty1-20                                ,First 5G 70th SEC1-20                   ,KR,퍼스트파이브지제칠십차유동화전문(유),회사채,일반사채,유동화회사채                  ,KRW,10000000000,20230831,20250430,4.271,"AAA, AAA, AAA",5,20250502,,,,,,,,,0,0,0,0,0,10035.59,2.77,10035.59,0,0,0,AAA,20250204
KR6489021EA8,장외,팬텍 1(단순),팬텍1                                   ,Pantech1                                                                        ,Pantech1                                ,KR,팬텍(주)                            ,회사채,일반사채,일반회사채                    ,KRW,220000000,20241024,20251024,5,,1
KR6008561B55,장외,메리츠증권 신종자본증권 3-1(사모/콜/후),메리츠증권신종자본증권 3-1              ,MERITZ SECURITIESHYBRID BOND 3-1                                                ,MERITZ SECUHYBRID BOND 3-1              ,KR,메리츠증권(주)                      ,회사채,일반사채,투자매매.중개채               ,KRW,35000000000,20210528,20510528,4.6,"A, A",1,20260224,,,,,,,,,9224,4.9041,0,4.9041,0,10249.79,4.506,10249.79,10250.6,4.506,10250.6
KR6397043C26,장외,드래곤라인제사차2-2(사모),드래곤라인제사차2-2                     ,DRAGONLINE42-2                                                                  ,DRAGONLINE42-2                          ,KR,드래곤라인제사차(주)                ,회사채,일반사채,Conduit회사채                 ,KRW,0,20220215,20280811,1.955,,5,20260224,,,,,,,,,899,2.3854,10.3987,2.3854,10.3987,9699.33,3.255,9699.33,9700.1,3.255,9700.1,AA+,20220215
KR354423G417,장내,한국주택금융공사 MBS2014-3(1-7)(콜),주택금융공사MBS2014-3(1-7)              ,Korea Housing Finance CorporationMBS2014-3(1-7)                                 ,KHFCMBS2014-3(1-7)                      ,KR,한국주택금융공사                    ,특수채,공사채,MBS                           ,KRW,6000000000,20140123,20290123,3.89,AAA,6,20260224,,,,,,,,,1064,0.4742,0.5632,0.3982,0.4848,10080.51,3.125,10080.51,10081.38,3.125,10081.38,AAA,20140123
KR60063N1F61,장외,비비엔그루1(PCBO사모/콜),비비엔그루1                             ,VIBIEN GRU Inc.1                                                                ,VIBIEN GRU1                             ,KR,(주)비비엔그루                      ,회사채,일반사채,일반회사채                    ,KRW,3000000000,20250612,20280612,4.681,,1
KR310201J646,장내,산금채 16신이1500-0407-1INT(콜)                                                                     ,산금16신이1500-0407-1INT                ,THE KOREA  DEVELOPMENT BANK16COUP1500-0407-1INT                                 ,KDB16COUP1500-0407-1INT                 ,KR,한국산업은행                        ,특수채,특수은행채,특수은행채                    ,KRW,0,20160407,20200407,2.45,"AAA, AAA, AAA",6,20200408,,,,,,,,,0,0,0,0,0,10980,0.979,10980,0,0,0,AAA,20200323
