cu_base_index,cu_charge_etc_rt,cu_charge_rt,cu_fund_mgmt_co,cu_lev_fector,cu_strtegy,cu_upt_dt,du_bpr,du_chas_errt,du_clpr,du_diff_rt,du_er_1d,du_er_1m,du_er_1y,du_er_3m,du_er_6m,du_er_ytd,du_hpr,du_last_aum,du_last_nav,du_lpr,du_nav_rnf_amt,du_nav_yday,du_upt_dt,du_val_1d,du_val_1m,du_val_5d,du_vol_1d,du_vol_avg_1m,du_vol_avg_5d,nru_mkt_diff_rt,nru_mkt_inav,pd_abrv_nm,pd_circ_net_tamt,pd_circ_stk_cnt,pd_curr_cd,pd_curr_nm,pd_divd_amt_pshr,pd_dvid_cycl,pd_dvid_yield,pd_exg_mkt_cd,pd_exg_mkt_nm,pd_grp_no,pd_itm_no,pd_itm_no_ma,pd_lst_price,pd_lst_stk_cnt,pd_lste_dt,pd_lstg_dt,pd_mkt_id,pd_mkt_nm,pd_nav_pshr,pd_net_ast_pshr,pd_net_prft_pshr,pd_net_rt_ast_pshr,pd_net_tamt,pd_nm,pd_pen_risk_nm,pd_pen_tr_yn,pd_risk_cd,pd_risk_nm,pd_sale_yn,pd_sect_cd,pd_sect_nm,pd_spac_yn,pd_stk_cnt,pd_tr_yn,ru_mkt_price,ru_mkt_volume,wu_core_yn,wu_inv_ast_type,wu_inv_rgn,wu_upt_dt
,,,신한투자증권 주식회사,,,,4200.00,,4200.00,,0.00,0.00,-26.19,0.00,0.00,0.00,0.00,,,0.00,,,,0.00,0.00,0.00,0.00,0.00,0.00,,,신한 인버스 2X Russell 2000 ETN,,,CURR_CD_KRW,한국원화,,,,EXG_MKT_NO_001,유가증권                        ,ETN,KRG500000572,Q500057,0.00,1000000.00,20251021,20201202,STK,유가증권                                                                        ,,,,,,신한투자증권 신한 인버스 2X Russell 2000 상장지수증권 제57호,N,N,PD_RISK_GCD_11,매우높은위험(1등급),0,,,,,0,,,N,주식,국내,20260615
                                        ,0,,메리츠증권 주식회사,1,C,20260615,10775.00,0.00,10785.00,0.00,0.09,2.42,5.58,0.23,0.98,2.52,10785.00,0.00,10795.63,10785.00,31.57,10764.06,2026-06-15 00:00:00,0.00,120872.00,2164.00,0.00,11.05,0.20,,,메리츠 인도 루피화 ETN,0.00,0.00,CURR_CD_KRW,한국원화,0.00,  ,0.00,EXG_MKT_NO_001,유가증권                        ,ETN,KRG610000827,Q610082,0.00,1000000.00,99991231,20240814,STK,유가증권                                                                        ,10795.63,0.00,0.00,0.00,10764060000.00,메리츠증권 메리츠 인도 루피화 상장지수증권 제82호,N,N,PD_RISK_GCD_11,매우높은위험(1등급),1,3,,N,1000000.00,0,,,N,통화,인도,20260615
                                        ,0,,한화,1,실물복제,20260615,18130.00,0.00,18455.00,0.00,1.79,-3.05,46.18,-8.23,15.71,18.57,18800.00,13832610000.00,18443.48,18245.00,-18443.48,18443.48,2026-06-15 00:00:00,117645175.00,996513613.25,389532223.20,6377.00,52011.00,22507.40,,,PLUS 코스닥150,13597500000.00,750000.00,CURR_CD_KRW,한국원화,0.00,  ,0.00,EXG_MKT_NO_001,유가증권                        ,ETF,KR7301400008,A301400,0.00,750000.00,99991231,20180705,STK,유가증권                                                                        ,18443.48,0.00,0.00,0.00,13832609844.00,한화 PLUS 코스닥150증권상장지수투자신탁(주식),위험자산,Y,PD_RISK_GCD_11,매우높은위험(1등급),1,2,,N,750000.00,0,,,Y,주식,미국,20260615
                                        ,0,,메리츠증권 주식회사,2,C,20260615,6130.00,0.00,6170.00,0.00,0.65,1.98,0.65,-1.99,-2.83,-3.74,6175.00,0.00,6163.91,6165.00,38.86,6125.05,2026-06-15 00:00:00,24680.00,6715392.25,10230339.00,4.00,1107.15,1693.80,,,메리츠 레버리지 미국채10년 ETN(H),0.00,0.00,CURR_CD_KRW,한국원화,0.00,  ,0.00,EXG_MKT_NO_001,유가증권                        ,ETN,KRG610000231,Q610023,0.00,1000000.00,99991231,20211108,STK,유가증권                                                                        ,6163.91,0.00,0.00,0.00,6125050000.00,메리츠증권 메리츠 레버리지 미국채10년 상장지수증권(H) 제23호,N,N,PD_RISK_GCD_11,매우높은위험(1등급),1,3,,N,1000000.00,0,,,N,채권,미국,20260615
                                        ,0,,미래에셋,1,액티브,20260615,102710.00,0.00,102715.00,0.00,0.00,0.22,2.19,0.80,1.60,1.42,102715.00,2957356581930.00,102696.69,102710.00,-102696.69,102696.69,2026-06-15 00:00:00,16097631241.00,17068429151.90,14792989054.40,156726.00,166359.00,144050.60,,,TIGER 머니마켓액티브,2957739870000.00,28797000.00,CURR_CD_KRW,한국원화,0.00,  ,0.00,EXG_MKT_NO_001,유가증권                        ,ETF,KR70043B0000,A0043B0,0.00,29312000.00,99991231,20250422,STK,유가증권                                                                        ,102696.69,0.00,0.00,0.00,2987241342870.00,미래에셋 TIGER 머니마켓액티브증권상장지수투자신탁(채권),안전자산,Y,PD_RISK_GCD_15,낮은위험(5등급),1,2,,N,29088000.00,0,,,N,채권,국내,20260615
                                        ,0,,엔에이치투자증권(주),2,C,20260615,17425.00,0.00,17785.00,0.00,2.07,2.21,-14.39,-4.89,-7.37,-7.37,17785.00,0.00,17714.65,17785.00,146.80,17567.85,2026-06-15 00:00:00,17785.00,9638.00,10517.00,1.00,0.55,0.60,,,N2 레버리지 국채10년 ETN,0.00,0.00,CURR_CD_KRW,한국원화,0.00,  ,0.00,EXG_MKT_NO_001,유가증권                        ,ETN,KRG550000951,Q550095,0.00,500000.00,99991231,20241031,STK,유가증권                                                                        ,17714.65,0.00,0.00,0.00,8783925000.00,NH투자증권 N2 레버리지 국채10년 상장지수증권 제95호,N,N,PD_RISK_GCD_11,매우높은위험(1등급),1,3,,N,500000.00,0,,,N,채권,국내,20260615
                                        ,0,,삼성,2,실물복제,20260615,129880.00,0.00,144045.00,0.00,10.91,27.04,811.68,139.52,337.89,301.63,145520.00,,132559.70,134350.00,-132559.70,132559.70,2026-06-15 00:00:00,683043697.00,817447495.20,633172770.00,4802.00,6463.65,4874.20,,,KODEX KRX300레버리지,0.00,900000.00,CURR_CD_KRW,한국원화,0.00,  ,0.00,EXG_MKT_NO_001,유가증권                        ,ETF,KR7306950007,A306950,0.00,900000.00,99991231,20181016,STK,유가증권                                                                        ,132559.70,0.00,0.00,0.00,119303728411.00,삼성 KODEX KRX300레버리지증권상장지수투자신탁[주식-파생형],N,N,PD_RISK_GCD_11,매우높은위험(1등급),1,2,,N,900000.00,0,,,N,주식,국내,20260615
,,,미래에셋증권 주식회사,,,,0.00,,0.00,,,,,,,,0.00,,,0.00,,,,0.00,0.00,0.00,0.00,0.00,0.00,,,미래에셋 -0.5X S&P500 VIX S/T선물 ETN(H),,,CURR_CD_KRW,한국원화,,,,EXG_MKT_NO_001,유가증권                        ,ETN,KRG520000636,Q520063,0.00,2500000.00,20250320,20230330,STK,유가증권                                                                        ,,,,,,미래에셋증권 미래에셋 인버스 0.5X S&P500 VIX S/T 선물 상장지수증권(H) 제78호,N,N,PD_RISK_GCD_11,매우높은위험(1등급),0,,,,,0,,,N,기타,미국,20260615
                                        ,0,0,미래에셋,1,실물복제,20260615,65720.00,0.00,68500.00,0.00,4.23,-5.90,113.80,14.84,59.30,61.14,69730.00,940069481000.00,66295.45,67690.00,-66295.45,66295.45,2026-06-15 00:00:00,40186561038.00,123576421279.70,69111886696.60,584600.00,1769436.50,1067267.20,,,TIGER 현대차그룹플러스,931909600000.00,14180000.00,CURR_CD_KRW,한국원화,0.00,  ,0.00,EXG_MKT_NO_001,유가증권                        ,ETF,KR7138540000,A138540,0.00,14120000.00,99991231,20110310,STK,유가증권                                                                        ,66295.45,0.00,0.00,0.00,936091685302.00,미래에셋 TIGER 현대차그룹+ 증권상장지수투자신탁(주식),위험자산,Y,PD_RISK_GCD_12,높은위험(2등급),1,2,,N,14120000.00,0,,,N,주식,아시아,20260615
                                        ,0,,한국투자,1,실물복제,20260615,11500.00,0.00,11480.00,0.00,-0.17,-0.17,12.94,4.36,4.17,5.37,11575.00,23585680500.00,11505.21,11450.00,-11505.21,11505.21,2026-06-15 00:00:00,224731235.00,302332854.65,256972372.80,19541.00,26204.90,22308.00,,,ACE 미국배당퀄리티채권혼합50,0.00,2050000.00,CURR_CD_KRW,한국원화,0.00,  ,0.00,EXG_MKT_NO_001,유가증권                        ,ETF,KR70049K0003,A0049K0,0.00,2100000.00,99991231,20250513,STK,유가증권                                                                        ,11505.21,0.00,0.00,0.00,23585681241.00,한국투자 ACE 미국배당퀄리티채권혼합50증권상장지수투자신탁(채권혼합),안전자산,Y,PD_RISK_GCD_14,보통위험(4등급),1,2,,N,2050000.00,0,,,N,혼합자산,미국,20260615
,,,엔에이치투자증권(주),,,,0.00,,0.00,,,,,,,,0.00,,,0.00,,,,0.00,0.00,0.00,0.00,0.00,0.00,,,N2 블룸버그 2X WTI원유선물 ETN,,,CURR_CD_KRW,한국원화,,,,EXG_MKT_NO_001,유가증권                        ,ETN,KRG550000712,Q550071,0.00,1000000.00,20250508,20220427,STK,유가증권                                                                        ,,,,,,NH투자증권 N2 블룸버그 레버리지 WTI원유선물 상장지수증권 제71호,N,N,PD_RISK_GCD_11,매우높은위험(1등급),0,,,,,0,,,N,원자재,국내,20260615
                                        ,0,,미래에셋,1,실물복제,20260615,24980.00,0.00,26345.00,0.00,5.46,15.35,148.54,56.58,68.61,70.63,26350.00,1339024589500.00,25051.91,25790.00,-25051.91,25051.91,2026-06-15 00:00:00,17613831468.00,32317268108.60,28751103153.40,672702.00,1336718.65,1167427.80,,,TIGER 미국필라델피아AI반도체나스닥,1335181000000.00,53450000.00,CURR_CD_KRW,한국원화,0.00,  ,0.00,EXG_MKT_NO_001,유가증권                        ,ETF,KR7497570002,A497570,0.00,52950000.00,99991231,20241126,STK,유가증권                                                                        ,25051.91,0.00,0.00,0.00,1311467557408.00,미래에셋 TIGER 미국필라델피아AI반도체나스닥증권상장지수투자신탁(주식),위험자산,Y,PD_RISK_GCD_12,높은위험(2등급),1,2,,N,53300000.00,0,,,N,주식,미국,20260615
                                        ,0,,KB증권(주),-2,C,20260615,4045.00,0.00,3745.00,0.00,-7.42,10.15,-42.82,33.51,-8.88,-7.76,3830.00,0.00,3789.98,3745.00,-422.25,4212.23,2026-06-15 00:00:00,14802400.00,12549603.05,29831945.20,3908.00,3366.30,7609.40,,,KB 인버스 2X 금 선물 ETN(H),0.00,0.00,CURR_CD_KRW,한국원화,0.00,  ,0.00,EXG_MKT_NO_001,유가증권                        ,ETN,KRG580000237,Q580023,0.00,500000.00,99991231,20210805,STK,유가증권                                                                        ,3789.98,0.00,0.00,0.00,2106115000.00,KB증권 KB 인버스 2X 금 선물 상장지수증권(H) 제23호,N,N,PD_RISK_GCD_11,매우높은위험(1등급),1,3,,N,500000.00,0,,,N,원자재,국내,20260615
                                        ,0,,삼성,1,실물복제,20260615,9340.00,0.00,9475.00,0.00,1.45,-5.96,21.79,4.81,14.64,18.00,9555.00,,9355.20,9385.00,-9355.20,9355.20,2026-06-15 00:00:00,169955374.00,333281386.80,176174103.00,17921.00,34854.80,18911.00,,,KODEX 필수소비재,0.00,1400000.00,CURR_CD_KRW,한국원화,0.00,  ,0.00,EXG_MKT_NO_001,유가증권                        ,ETF,KR7266410000,A266410,0.00,1400000.00,99991231,20170328,STK,유가증권                                                                        ,9355.20,0.00,0.00,0.00,13097286419.00,삼성 KODEX 필수소비재증권상장지수투자신탁[주식형],위험자산,Y,PD_RISK_GCD_12,높은위험(2등급),1,2,,N,1400000.00,0,,,N,주식,국내,20260615
                                        ,0,,삼성,1,실물복제,20260615,3495.00,0.00,3405.00,0.00,-2.58,-17.85,-60.31,-46.96,-52.94,-49.03,3440.00,16606557000.00,3533.31,3350.00,-3533.31,3533.31,2026-06-15 00:00:00,91883593.00,243028288.25,270473799.60,27119.00,67169.35,79074.40,,,KODEX 코스닥150롱코스피200숏선물,0.00,4700000.00,CURR_CD_KRW,한국원화,0.00,  ,0.00,EXG_MKT_NO_001,유가증권                        ,ETF,KR7360150007,A360150,0.00,4700000.00,99991231,20200821,STK,유가증권                                                                        ,3533.31,0.00,0.00,0.00,16606550435.00,삼성 KODEX 코스닥150롱코스피200숏선물증권상장지수투자신탁[주식-파생형],N,N,PD_RISK_GCD_12,높은위험(2등급),1,2,,N,4700000.00,0,,,N,주식,국내,20260615
                                        ,0,,삼성,1,실물복제,20260615,19505.00,0.00,19775.00,0.00,1.38,5.89,16.56,10.94,-0.15,0.66,19840.00,44979490000.00,19556.30,19705.00,-19556.30,19556.30,2026-06-15 00:00:00,3888458860.00,633327200.00,1000407962.60,196684.00,32830.35,50818.00,,,KODEX 미국S&P500금융,0.00,2300000.00,CURR_CD_KRW,한국원화,0.00,  ,0.00,EXG_MKT_NO_001,유가증권                        ,ETF,KR7453650004,A453650,0.00,2300000.00,99991231,20230321,STK,유가증권                                                                        ,19556.30,0.00,0.00,0.00,44979495912.00,삼성 KODEX 미국S&P500금융증권상장지수투자신탁[주식],위험자산,Y,PD_RISK_GCD_12,높은위험(2등급),1,2,,N,2300000.00,0,,,Y,주식,미국,20260615
                                        ,0,,미래에셋증권 주식회사,1,C,20260615,13030.00,0.00,13170.00,0.00,1.07,-2.48,46.01,-8.73,15.12,16.96,13420.00,0.00,13214.29,13170.00,93.64,13120.65,2026-06-15 00:00:00,1432165.00,708957434.35,68193813.00,107.00,53307.65,5196.80,,,미래에셋 코스닥150 선물 ETN,0.00,0.00,CURR_CD_KRW,한국원화,0.00,  ,0.00,EXG_MKT_NO_001,유가증권                        ,ETN,KRG520000396,Q520039,0.00,2000000.00,99991231,20211021,STK,유가증권                                                                        ,13214.29,0.00,0.00,0.00,26241300000.00,미래에셋증권 미래에셋 코스닥150 선물 상장지수증권 제54호,N,N,PD_RISK_GCD_11,매우높은위험(1등급),1,3,,N,2000000.00,0,,,N,주식,국내,20260615
                                        ,0,,KB증권(주),-2,C,20260615,5090.00,0.00,4880.00,0.00,-4.13,-6.69,-58.91,-22.97,-37.72,-29.78,4950.00,0.00,4914.54,4880.00,-398.36,5312.90,2026-06-15 00:00:00,7046940.00,20388641.25,11941786.00,1443.00,3895.35,2299.40,,,KB 인버스 2X 구리 선물 ETN(H),0.00,0.00,CURR_CD_KRW,한국원화,0.00,  ,0.00,EXG_MKT_NO_001,유가증권                        ,ETN,KRG580000336,Q580033,0.00,500000.00,99991231,20211109,STK,유가증권                                                                        ,4914.54,0.00,0.00,0.00,2656450000.00,KB증권 KB 인버스 2X 구리 선물 상장지수증권(H) 제33호,N,N,PD_RISK_GCD_11,매우높은위험(1등급),1,3,,N,500000.00,0,,,N,원자재,국내,20260615
                                        ,0,0,삼성,2,실물복제,20260615,19175.00,0.00,18975.00,0.00,-1.04,1.66,25.50,3.12,6.15,11.29,19440.00,31905233200.00,19220.02,18700.00,-19220.02,19220.02,2026-06-15 00:00:00,891258555.00,1159487356.20,1401937354.60,47105.00,60464.60,72961.80,,,KODEX 미국달러선물레버리지,0.00,1660000.00,CURR_CD_KRW,한국원화,0.00,  ,0.00,EXG_MKT_NO_001,유가증권                        ,ETF,KR7261250005,A261250,0.00,1630000.00,99991231,20161227,STK,유가증권                                                                        ,19220.02,0.00,0.00,0.00,31905228308.00,삼성 KODEX 미국달러선물레버리지특별자산상장지수투자신탁(미국달러-파생형),N,N,PD_RISK_GCD_11,매우높은위험(1등급),1,2,,N,1660000.00,0,,,N,통화,국내,20260615
                                        ,0,,한국투자,1,액티브,20260615,16650.00,0.00,16800.00,0.00,0.90,2.69,28.49,13.02,11.18,14.99,16800.00,880101003000.00,16637.07,16655.00,-16637.07,16637.07,2026-06-15 00:00:00,9366612435.00,11169048434.20,9498605160.00,559467.00,670753.10,571141.00,,,ACE 미국나스닥100미국채혼합50액티브,880785000000.00,52900000.00,CURR_CD_KRW,한국원화,0.00,  ,0.00,EXG_MKT_NO_001,유가증권                        ,ETF,KR7438100000,A438100,0.00,53300000.00,99991231,20220826,STK,유가증권                                                                        ,16637.07,0.00,0.00,0.00,883428566358.00,한국투자 ACE 미국나스닥100미국채혼합50액티브증권상장지수투자신탁(채권혼합),안전자산,Y,PD_RISK_GCD_14,보통위험(4등급),1,2,,N,53100000.00,0,,,N,혼합자산,미국,20260615
                                        ,0,,삼성,1,액티브,20260615,13095.00,0.00,12980.00,0.00,-0.88,0.70,10.52,1.25,2.65,5.02,13015.00,687681130500.00,13061.37,12915.00,-13061.37,13061.37,2026-06-15 00:00:00,2868064106.00,2731557609.80,2591221309.20,221352.00,209662.75,198562.80,,,KODEX 미국달러SOFR금리액티브(합성),0.00,52650000.00,CURR_CD_KRW,한국원화,0.00,  ,0.00,EXG_MKT_NO_001,유가증권                        ,ETF,KR7455030007,A455030,0.00,52650000.00,99991231,20230404,STK,유가증권                                                                        ,13061.37,0.00,0.00,0.00,687681132701.00,삼성 KODEX 미국달러SOFR금리액티브특별자산상장지수투자신탁[금리-파생형](합성),위험자산,Y,PD_RISK_GCD_12,높은위험(2등급),1,2,,N,52650000.00,0,,,N,단기자금,미국,20260615
                                        ,0,,삼성증권(주),1,C,20260615,20610.00,0.00,20890.00,0.00,1.36,1.88,41.29,14.53,13.69,15.38,20900.00,0.00,20641.39,20750.00,9.17,20632.22,2026-06-15 00:00:00,11673020.00,58243254.75,51285562.00,561.00,2804.85,2490.00,,,삼성 S&P500 TR ETN,0.00,0.00,CURR_CD_KRW,한국원화,0.00,  ,0.00,EXG_MKT_NO_001,유가증권                        ,ETN,KRG530001129,Q530112,0.00,1000000.00,99991231,20230628,STK,유가증권                                                                        ,20641.39,0.00,0.00,0.00,20632220000.00,삼성증권 삼성 S&P500 TR 상장지수증권 제112호,N,N,PD_RISK_GCD_11,매우높은위험(1등급),1,3,,N,1000000.00,0,,,N,주식,미국,20260615
                                        ,0,,키움,1,실물복제,20260615,18090.00,0.00,18450.00,0.00,1.99,1.10,23.70,12.26,8.88,8.31,18455.00,32604462000.00,18113.59,18340.00,-18113.59,18113.59,2026-06-15 00:00:00,368600290.00,306869130.75,197668172.00,20041.00,16740.35,10851.80,,,KIWOOM 미국S&P500(H),32562000000.00,1800000.00,CURR_CD_KRW,한국원화,0.00,  ,0.00,EXG_MKT_NO_001,유가증권                        ,ETF,KR7449780006,A449780,0.00,1800000.00,99991231,20221220,STK,유가증권                                                                        ,18113.59,0.00,0.00,0.00,32604456309.00,키움 KIWOOM 미국S&P500증권상장지수투자신탁[주식](H),위험자산,Y,PD_RISK_GCD_13,다소높은위험(3등급),1,2,,N,1800000.00,0,,,Y,주식,미국,20260615
                                        ,0,,KB증권(주),2,C,20260601,0.00,0.00,0.00,,,-100.00,-100.00,-100.00,-100.00,-100.00,0.00,0.00,2050.90,0.00,,,,0.00,178356217.70,0.00,0.00,92220.25,0.00,,,KB 블룸버그 레버리지 천연가스 선물 ETN,0.00,0.00,CURR_CD_KRW,한국원화,0.00,  ,0.00,EXG_MKT_NO_001,유가증권                        ,ETN,KRG580000559,Q580055,0.00,4500000.00,20260602,20230623,STK,유가증권                                                                        ,2050.90,0.00,0.00,0.00,9229050000.00,KB증권 KB 블룸버그 레버리지 천연가스 선물 상장지수증권 제55호,N,N,PD_RISK_GCD_11,매우높은위험(1등급),0,3,,N,4500000.00,0,,,N,원자재,국내,20260615
                                        ,0,,KB증권(주),2,C,20260615,31385.00,0.00,33700.00,0.00,7.38,-20.26,,32.16,17.69,52.83,34470.00,0.00,34081.73,33150.00,2799.67,31282.06,2026-06-15 00:00:00,3947685.00,31853689.95,8486134.80,116.00,804.15,288.40,,,KB 레버리지 2차전지 TOP 10 TR ETN,0.00,0.00,CURR_CD_KRW,한국원화,0.00,  ,0.00,EXG_MKT_NO_001,유가증권                        ,ETN,KRG580000708,Q580070,0.00,1000000.00,99991231,20250721,STK,유가증권                                                                        ,34081.73,0.00,0.00,0.00,31282060000.00,KB증권 KB 레버리지 2차전지 TOP 10 TR 상장지수증권 제70호,N,N,PD_RISK_GCD_11,매우높은위험(1등급),1,3,,N,1000000.00,0,,,N,주식,국내,20260615
                                        ,0,,NH-Amundi,1,실물복제,20260615,56190.00,0.00,59755.00,0.00,6.34,15.70,235.89,62.93,127.81,116.15,59815.00,22642268000.00,56605.67,59065.00,-56605.67,56605.67,2026-06-15 00:00:00,24386261.00,47572087.75,13316038.20,409.00,882.75,235.40,,,HANARO KRX300,22476000000.00,400000.00,CURR_CD_KRW,한국원화,0.00,  ,0.00,EXG_MKT_NO_001,유가증권                        ,ETF,KR7304760002,A304760,0.00,400000.00,99991231,20180814,STK,유가증권                                                                        ,56605.67,0.00,0.00,0.00,22642266301.00,NH-Amundi HANARO KRX300증권상장지수투자신탁[주식],위험자산,Y,PD_RISK_GCD_12,높은위험(2등급),1,2,,N,400000.00,0,,,Y,주식,국내,20260615
                                        ,0,,흥국,1,액티브,20260615,101185.00,0.00,101190.00,0.00,0.00,0.08,-0.81,0.60,-1.75,1.13,101220.00,122443808300.00,101193.23,101190.00,-101193.23,101193.23,2026-06-15 00:00:00,10119030.00,1456518.00,2388071.00,100.00,14.40,23.60,,,HK 26-12 회사채(AA-이상)액티브,122433850000.00,1210000.00,CURR_CD_KRW,한국원화,0.00,  ,0.00,EXG_MKT_NO_001,유가증권                        ,ETF,KR70000Y0004,A0000Y0,0.00,1210000.00,99991231,20241224,STK,유가증권                                                                        ,101193.23,0.00,0.00,0.00,122443803796.00,흥국 HK 26-12 회사채(AA-이상)액티브증권상장지수투자신탁[채권],안전자산,Y,PD_RISK_GCD_15,낮은위험(5등급),1,2,,N,1210000.00,0,,,N,채권,국내,20260615
                                        ,0,,신한투자증권 주식회사,-2,C,20260615,1351.00,0.00,1265.00,0.00,-6.37,12.75,-36.62,36.90,-5.31,-2.01,1351.00,0.00,1267.61,1252.00,-147.75,1415.36,2026-06-15 00:00:00,22254538.00,14389536.60,38590174.40,17625.00,10965.05,28261.00,,,신한 인버스 2X 금 선물 ETN,0.00,0.00,CURR_CD_KRW,한국원화,0.00,  ,0.00,EXG_MKT_NO_001,유가증권                        ,ETN,KRG502400382,Q500038,0.00,1000000.00,99991231,20180614,STK,유가증권                                                                        ,1267.61,0.00,0.00,0.00,1415360000.00,신한투자증권 신한 인버스 2X 금 선물 상장지수증권 제38호,N,N,PD_RISK_GCD_11,매우높은위험(1등급),1,3,,N,1000000.00,0,,,N,원자재,국내,20260615
                                        ,0,,삼성증권(주),1,C,20260615,12715.00,0.00,12730.00,0.00,0.12,-4.03,-9.46,-6.29,-15.72,-15.64,12730.00,0.00,12864.90,12730.00,149.03,12715.87,2026-06-15 00:00:00,356440.00,751777397.75,222005691.00,28.00,57133.25,17290.80,,,삼성 항셍테크 TR ETN(H) B,0.00,0.00,CURR_CD_KRW,한국원화,0.00,  ,0.00,EXG_MKT_NO_001,유가증권                        ,ETN,KRG530001210,Q530121,0.00,1000000.00,99991231,20240625,STK,유가증권                                                                        ,12864.90,0.00,0.00,0.00,12715870000.00,삼성증권 삼성 항셍테크 TR 상장지수증권(H) B 제121호,N,N,PD_RISK_GCD_11,매우높은위험(1등급),1,3,,N,1000000.00,0,,,N,주식,중국,20260615
                                        ,0,,메리츠증권 주식회사,2,C,20260615,20080.00,0.00,19870.00,0.00,-1.05,-1.07,-4.47,0.79,-2.48,3.41,19915.00,0.00,19935.72,19730.00,-129.79,20065.51,2026-06-15 00:00:00,307427465.00,254526764.50,199445123.00,15510.00,12626.05,9974.00,,,메리츠 KAP 레버리지 일본 엔화 ETN,0.00,0.00,CURR_CD_KRW,한국원화,0.00,  ,0.00,EXG_MKT_NO_001,유가증권                        ,ETN,KRG610000694,Q610069,0.00,1500000.00,99991231,20231020,STK,유가증권                                                                        ,19935.72,0.00,0.00,0.00,30098265000.00,메리츠증권 메리츠 KAP 레버리지 일본 엔화 상장지수증권 제69호,N,N,PD_RISK_GCD_11,매우높은위험(1등급),1,3,,N,1500000.00,0,,,N,통화,일본,20260615
                                        ,0,,한화,1,액티브,20260615,10080.00,0.00,10065.00,0.00,-0.15,-2.28,,,,,10120.00,10209470000.00,10209.47,10005.00,-10209.47,10209.47,2026-06-15 00:00:00,306775152.00,161945709.60,327234420.80,30477.00,15818.80,32270.00,,,PLUS 글로벌저작권핵심기업액티브,10080000000.00,1000000.00,CURR_CD_KRW,한국원화,0.00,  ,0.00,EXG_MKT_NO_001,유가증권                        ,ETF,KR70166T0001,A0166T0,0.00,1000000.00,99991231,20260331,STK,유가증권                                                                        ,10209.47,0.00,0.00,0.00,10209473291.00,한화 PLUS 글로벌저작권핵심기업액티브증권상장지수투자신탁(주식),위험자산,Y,PD_RISK_GCD_12,높은위험(2등급),1,2,,N,1000000.00,0,,,N,주식,미국,20260615
                                        ,0,,삼성,1,실물복제,20260615,39145.00,0.00,40540.00,0.00,3.56,14.57,238.54,68.92,137.42,123.24,41100.00,35076888000.00,38974.32,40480.00,-38974.32,38974.32,2026-06-15 00:00:00,84126544.00,422129576.35,241063727.20,2065.00,11243.95,6389.80,,,KODEX 가치주,0.00,900000.00,CURR_CD_KRW,한국원화,0.00,  ,0.00,EXG_MKT_NO_001,유가증권                        ,ETF,KR7275290005,A275290,0.00,900000.00,99991231,20170711,STK,유가증권                                                                        ,38974.32,0.00,0.00,0.00,35076892161.00,삼성 KODEX 가치주증권상장지수투자신탁[주식형],위험자산,Y,PD_RISK_GCD_12,높은위험(2등급),1,2,,N,900000.00,0,,,N,주식,국내,20260615
                                        ,0,,미래에셋증권 주식회사,2,C,20260615,31920.00,0.00,30965.00,0.00,-2.99,15.69,128.95,11.77,31.21,26.47,31920.00,0.00,31146.04,30955.00,-766.21,31912.25,2026-06-15 00:00:00,22810945.00,15317686.75,18737478.00,735.00,499.00,598.60,,,미래에셋 레버리지 미국 제약 TOP3 ETN,0.00,0.00,CURR_CD_KRW,한국원화,0.00,  ,0.00,EXG_MKT_NO_001,유가증권                        ,ETN,KRG520000792,Q520079,0.00,1000000.00,99991231,20240920,STK,유가증권                                                                        ,31146.04,0.00,0.00,0.00,31912250000.00,미래에셋증권 미래에셋 레버리지 미국 제약 TOP3 상장지수증권 제94호,N,N,PD_RISK_GCD_11,매우높은위험(1등급),1,3,,N,1000000.00,0,,,N,주식,미국,20260615
                                        ,0,,미래에셋증권 주식회사,2,C,20260615,36090.00,0.00,37800.00,0.00,4.74,-10.92,68.30,-28.93,-5.16,-4.57,38350.00,0.00,37851.42,37430.00,1699.29,36152.13,2026-06-15 00:00:00,494848600.00,916182737.65,670553103.00,13098.00,22987.85,18560.20,,,미래에셋 레버리지 KRX 금현물 ETN,0.00,0.00,CURR_CD_KRW,한국원화,0.00,  ,0.00,EXG_MKT_NO_001,유가증권                        ,ETN,KRG520000875,Q520087,0.00,2000000.00,99991231,20250522,STK,유가증권                                                                        ,37851.42,0.00,0.00,0.00,72304260000.00,미래에셋증권 미래에셋 레버리지 KRX 금현물 상장지수증권 제102호,N,N,PD_RISK_GCD_11,매우높은위험(1등급),1,3,,N,2000000.00,0,,,N,원자재,국내,20260615
                                        ,0,,신한,1,실물복제,20260615,17710.00,0.00,17815.00,0.00,0.59,-5.44,43.90,11.45,6.55,7.35,17860.00,307480446000.00,17671.29,17615.00,-17671.29,17671.29,2026-06-15 00:00:00,8506597533.00,5831921968.10,4127866437.00,478810.00,313396.35,232101.20,,,SOL 미국테크TOP10,0.00,17400000.00,CURR_CD_KRW,한국원화,0.00,  ,0.00,EXG_MKT_NO_001,유가증권                        ,ETF,KR7481190007,A481190,0.00,17400000.00,99991231,20240521,STK,유가증권                                                                        ,17671.29,0.00,0.00,0.00,304829760624.00,신한 SOL 미국테크TOP10증권상장지수투자신탁[주식],위험자산,Y,PD_RISK_GCD_12,높은위험(2등급),1,2,,N,17400000.00,0,,,N,주식,미국,20260615
                                        ,0,,한화,1,실물복제,20260615,109220.00,0.00,109245.00,0.00,0.02,0.21,1.42,0.63,1.23,1.12,109245.00,16823924040.00,109246.26,109240.00,-109246.26,109246.26,2026-06-15 00:00:00,177735460.00,442354108.90,299745550.20,1627.00,4053.55,2744.60,,,PLUS KOFR금리,16819880000.00,154000.00,CURR_CD_KRW,한국원화,0.00,  ,0.00,EXG_MKT_NO_001,유가증권                        ,ETF,KR7453010001,A453010,0.00,154000.00,99991231,20230314,STK,유가증권                                                                        ,109246.26,0.00,0.00,0.00,16823923820.00,한화 PLUS KOFR금리특별자산상장지수투자신탁(금리),위험자산,Y,PD_RISK_GCD_16,매우낮은위험(6등급),1,2,,N,154000.00,0,,,N,단기자금,미국,20260615
,,,신한투자증권 주식회사,,,,0.00,,0.00,,,,-100.00,-100.00,-100.00,-100.00,0.00,,,0.00,,,,0.00,0.00,0.00,0.00,0.00,0.00,,,신한 인버스0.5X S&P500 VIX S/T선물 ETN,,,CURR_CD_KRW,한국원화,,,,EXG_MKT_NO_001,유가증권                        ,ETN,KRG500000770,Q500077,0.00,6000000.00,20260319,20230330,STK,유가증권                                                                        ,,,,,,신한투자증권 신한 인버스 0.5X S&P500 VIX S/T 선물 상장지수증권 제77호,N,N,PD_RISK_GCD_11,매우높은위험(1등급),0,,,,,0,,,N,기타,미국,20260615
                                        ,0,,삼성,1,실물복제,20260615,11925.00,0.00,12245.00,0.00,2.68,0.33,5.47,-4.15,1.74,3.12,12465.00,786591465000.00,12009.03,12015.00,-12009.03,12009.03,2026-06-15 00:00:00,24985571223.00,27541941039.80,23347291538.20,2022972.00,2319920.65,1978005.40,,,KODEX 금융고배당TOP10타겟위클리커버드콜,0.00,65500000.00,CURR_CD_KRW,한국원화,0.00,  ,0.00,EXG_MKT_NO_001,유가증권                        ,ETF,KR7498410000,A498410,0.00,65500000.00,99991231,20241217,STK,유가증권                                                                        ,12009.03,0.00,0.00,0.00,786591642270.00,삼성 KODEX 금융고배당TOP10타겟위클리커버드콜증권상장지수투자신탁[주식-파생형],위험자산,Y,PD_RISK_GCD_11,매우높은위험(1등급),1,2,,N,65500000.00,0,,,N,주식,국내,20260615
                                        ,0,,미래에셋,1,실물복제,20260615,24895.00,0.00,25635.00,0.00,2.97,-6.20,18.52,-16.25,-3.77,-3.56,25790.00,114846850000.00,24435.50,25500.00,-24435.50,24435.50,2026-06-15 00:00:00,656370123.00,1089076242.70,896716883.40,25585.00,41223.15,35846.20,,,TIGER 골드선물(H),117006500000.00,4700000.00,CURR_CD_KRW,한국원화,0.00,  ,0.00,EXG_MKT_NO_001,유가증권                        ,ETF,KR7319640009,A319640,0.00,4700000.00,99991231,20190409,STK,유가증권                                                                        ,24435.50,0.00,0.00,0.00,114846858149.00,미래에셋 TIGER 골드선물특별자산상장지수투자신탁(금-파생형)(H),N,N,PD_RISK_GCD_12,높은위험(2등급),1,2,,N,4700000.00,0,,,N,원자재,국내,20260615
                                        ,0,,키움,1,실물복제,20260615,12235.00,0.00,12390.00,0.00,1.27,3.29,,14.46,16.39,20.41,12410.00,31343299500.00,12291.49,12235.00,-12291.49,12291.49,2026-06-15 00:00:00,160243985.00,189746296.55,161139734.00,12987.00,15652.05,13233.60,,,KIWOOM 미국고배당&AI테크,31199250000.00,2550000.00,CURR_CD_KRW,한국원화,0.00,  ,0.00,EXG_MKT_NO_001,유가증권                        ,ETF,KR70107F0009,A0107F0,0.00,2550000.00,99991231,20250923,STK,유가증권                                                                        ,12291.49,0.00,0.00,0.00,31343291372.00,키움 KIWOOM 미국고배당&AI테크증권상장지수투자신탁[주식],위험자산,Y,PD_RISK_GCD_12,높은위험(2등급),1,2,,N,2550000.00,0,,,N,주식,미국,20260615
                                        ,0,,KB,1,액티브,20260615,12560.00,0.00,13075.00,0.00,4.10,0.97,,,,,13080.00,160385733000.00,12481.38,12695.00,-12481.38,12481.38,2026-06-15 00:00:00,382809945.00,1083854460.25,527425963.00,29606.00,84663.50,42304.80,,,RISE 미국AI전력인프라액티브,161396000000.00,12850000.00,CURR_CD_KRW,한국원화,0.00,  ,0.00,EXG_MKT_NO_001,유가증권                        ,ETF,KR70176E0006,A0176E0,0.00,12850000.00,99991231,20260407,STK,유가증권                                                                        ,12481.38,0.00,0.00,0.00,160385776205.00,KB RISE 미국AI전력인프라액티브증권상장지수투자신탁(주식),위험자산,Y,PD_RISK_GCD_12,높은위험(2등급),1,2,,N,12850000.00,0,,,N,주식,미국,20260615
                                        ,0,,한국투자증권(주),1,C,20260615,10970.00,0.00,10160.00,0.00,-7.38,-17.26,-59.18,-32.04,-22.09,-13.79,10305.00,0.00,10143.03,10160.00,-865.14,11008.17,2026-06-15 00:00:00,5803950.00,25681841.00,34495994.00,567.00,2268.05,3034.80,,,한투 S&P500 VIX S/T선물 ETN(H) B,0.00,0.00,CURR_CD_KRW,한국원화,0.00,  ,0.00,EXG_MKT_NO_001,유가증권                        ,ETN,KRG570001146,Q570114,0.00,1000000.00,99991231,20250307,STK,유가증권                                                                        ,10143.03,0.00,0.00,0.00,11008170000.00,한국투자증권 한투 S&P500 VIX S/T 선물 상장지수증권(H) B 제114호,N,N,PD_RISK_GCD_11,매우높은위험(1등급),1,3,,N,1000000.00,0,,,N,기타,미국,20260615
                                        ,0,,한화,1,실물복제,20260615,9215.00,0.00,9460.00,0.00,2.66,-4.69,,,,,9495.00,12547548000.00,9294.48,9355.00,-9294.48,9294.48,2026-06-15 00:00:00,706986980.00,957994330.55,622999663.00,74990.00,98895.50,67527.00,,,PLUS 은채권혼합,12440250000.00,1350000.00,CURR_CD_KRW,한국원화,0.00,  ,0.00,EXG_MKT_NO_001,유가증권                        ,ETF,KR70184N0005,A0184N0,0.00,1350000.00,99991231,20260512,STK,유가증권                                                                        ,9294.48,0.00,0.00,0.00,11618095371.00,한화 PLUS 은채권혼합증권상장지수투자신탁(채권혼합-재간접형),안전자산,Y,PD_RISK_GCD_14,보통위험(4등급),1,2,,N,1350000.00,0,,,N,혼합자산,미국,20260615
                                        ,0,,삼성,1,액티브,20260615,13395.00,0.00,13545.00,0.00,1.12,3.12,21.43,5.53,5.24,7.03,13550.00,1617342801000.00,13383.06,13400.00,-13383.06,13383.06,2026-06-15 00:00:00,13074748535.00,16418925238.20,16171664285.00,970230.00,1226453.30,1203806.60,,,KODEX 미국배당커버드콜액티브,0.00,120850000.00,CURR_CD_KRW,한국원화,0.00,  ,0.00,EXG_MKT_NO_001,유가증권                        ,ETF,KR7441640000,A441640,0.00,120850000.00,99991231,20220927,STK,유가증권                                                                        ,13383.06,0.00,0.00,0.00,1617342349034.00,삼성 KODEX 미국배당커버드콜S&P액티브증권상장지수투자신탁[주식-파생형],위험자산,Y,PD_RISK_GCD_13,다소높은위험(3등급),1,2,,N,120850000.00,0,,,N,주식,미국,20260615
                                        ,0,,흥국,1,액티브,20260615,34560.00,0.00,36970.00,0.00,6.97,26.33,218.57,80.39,135.33,129.63,37120.00,26220885000.00,34961.18,36600.00,-34961.18,34961.18,2026-06-15 00:00:00,16266890.00,37335550.60,21299497.00,440.00,1111.00,620.40,,,HK 베스트일레븐액티브,25920000000.00,750000.00,CURR_CD_KRW,한국원화,0.00,  ,0.00,EXG_MKT_NO_001,유가증권                        ,ETF,KR7391670007,A391670,0.00,750000.00,99991231,20210706,STK,유가증권                                                                        ,34961.18,0.00,0.00,0.00,26220885080.00,흥국 HK 베스트일레븐액티브증권상장지수투자신탁(주식),위험자산,Y,PD_RISK_GCD_12,높은위험(2등급),1,2,,N,750000.00,0,,,N,주식,국내,20260615
                                        ,0,,삼성,1,실물복제,20260615,19890.00,0.00,21255.00,0.00,6.86,11.87,179.49,42.99,93.14,92.09,21350.00,39573240000.00,19786.62,20815.00,-19786.62,19786.62,2026-06-15 00:00:00,666727090.00,854954450.10,496531313.40,31533.00,43757.35,25223.20,,,KODEX Top10동일가중,0.00,2000000.00,CURR_CD_KRW,한국원화,0.00,  ,0.00,EXG_MKT_NO_001,유가증권                        ,ETF,KR7395170004,A395170,0.00,2000000.00,99991231,20210730,STK,유가증권                                                                        ,19786.62,0.00,0.00,0.00,39573240203.00,삼성 KODEX Top10동일가중증권상장지수투자신탁[주식],위험자산,Y,PD_RISK_GCD_12,높은위험(2등급),1,2,,N,2000000.00,0,,,N,주식,국내,20260615
                                        ,0,,KB,1,실물복제,20260615,73460.00,0.00,77445.00,0.00,5.42,16.20,255.74,67.63,138.00,125.13,78385.00,560660284000.00,73771.09,77045.00,-73771.09,73771.09,2026-06-15 00:00:00,13692766852.00,13463560822.25,15339231518.80,175996.00,186134.30,205242.40,,,RISE 200TR,558296000000.00,7600000.00,CURR_CD_KRW,한국원화,0.00,  ,0.00,EXG_MKT_NO_001,유가증권                        ,ETF,KR7361580004,A361580,0.00,7650000.00,99991231,20200821,STK,유가증권                                                                        ,73771.09,0.00,0.00,0.00,564348826270.00,KB RISE 200 Total Return증권상장지수투자신탁(주식),위험자산,Y,PD_RISK_GCD_12,높은위험(2등급),1,2,,N,7650000.00,0,,,N,주식,국내,20260615
                                        ,0,,엔에이치투자증권(주),1,C,20260615,55400.00,0.00,55400.00,0.00,0.00,0.23,2.70,0.71,1.39,1.24,55400.00,0.00,55401.72,55400.00,8.86,55392.86,2026-06-15 00:00:00,55400.00,16619.00,66476.00,1.00,0.30,1.20,,,N2 KIS CD금리투자 ETN,0.00,0.00,CURR_CD_KRW,한국원화,0.00,  ,0.00,EXG_MKT_NO_001,유가증권                        ,ETN,KRG550000829,Q550082,0.00,14000000.00,99991231,20230406,STK,유가증권                                                                        ,55401.72,0.00,0.00,0.00,775500040000.00,NH투자증권 N2 KIS CD금리투자 상장지수증권 제82호,N,N,PD_RISK_GCD_11,매우높은위험(1등급),1,3,,N,14000000.00,0,,,N,단기자금,국내,20260615
                                        ,0,0,키움,1,실물복제,20260615,169215.00,0.00,178700.00,0.00,5.61,16.40,255.62,67.71,137.89,124.79,180560.00,2253076772500.00,170043.53,177590.00,-170043.53,170043.53,2026-06-15 00:00:00,14949384138.00,36076522258.55,29613650141.00,83579.00,218193.60,177313.60,,,KIWOOM 200TR,2242098750000.00,13250000.00,CURR_CD_KRW,한국원화,0.00,  ,0.00,EXG_MKT_NO_001,유가증권                        ,ETF,KR7294400007,A294400,0.00,13250000.00,99991231,20180423,STK,유가증권                                                                        ,170043.53,0.00,0.00,0.00,2253076758776.00,키움 KIWOOM 200TotalReturn증권상장지수투자신탁[주식],위험자산,Y,PD_RISK_GCD_12,높은위험(2등급),1,2,,N,13250000.00,0,,,N,주식,국내,20260615
                                        ,0,,엔에이치투자증권(주),-2,C,20260615,14.00,0.00,15.00,0.00,7.14,36.36,-72.22,-28.57,-77.94,-77.61,15.00,0.00,14.55,14.00,2.14,12.41,2026-06-15 00:00:00,114868319.00,80865541.90,120546052.40,7916814.00,6731506.70,9479519.80,,,N2 인버스 레버리지 WTI원유 선물 ETN(H),0.00,0.00,CURR_CD_KRW,한국원화,0.00,  ,0.00,EXG_MKT_NO_001,유가증권                        ,ETN,KRG552400431,Q550043,0.00,350000000.00,99991231,20170830,STK,유가증권                                                                        ,14.55,0.00,0.00,0.00,4343500000.00,NH투자증권 N2 인버스 레버리지 WTI원유 선물 상장지수증권(H) 제43호,N,N,PD_RISK_GCD_11,매우높은위험(1등급),1,3,,N,350000000.00,0,,,N,원자재,국내,20260615
                                        ,0,,하나,1,액티브,20260615,9340.00,0.00,9425.00,0.00,0.91,-5.70,,-4.36,-5.80,-2.94,9895.00,11653362500.00,9322.69,9250.00,-9322.69,9322.69,2026-06-15 00:00:00,43540835.00,358379288.05,74698670.20,4625.00,35777.95,7914.20,,,1Q 샤오미밸류체인액티브,11675000000.00,1250000.00,CURR_CD_KRW,한국원화,0.00,  ,0.00,EXG_MKT_NO_001,유가증권                        ,ETF,KR70094X0002,A0094X0,0.00,1250000.00,99991231,20250902,STK,유가증권                                                                        ,9322.69,0.00,0.00,0.00,11653359171.00,하나 1Q 샤오미밸류체인액티브증권상장지수투자신탁(주식),위험자산,Y,PD_RISK_GCD_12,높은위험(2등급),1,2,,N,1250000.00,0,,,N,주식,국내,20260615
                                        ,0,,한국투자,1,액티브,20260615,111845.00,0.00,111890.00,0.00,0.04,0.20,1.13,0.76,1.53,1.35,111890.00,68557270220.00,111838.94,111870.00,-111838.94,111838.94,2026-06-15 00:00:00,146345815.00,313923384.70,249447292.00,1308.00,2809.10,2230.40,,,ACE 단기채권알파액티브,0.00,613000.00,CURR_CD_KRW,한국원화,0.00,  ,0.00,EXG_MKT_NO_001,유가증권                        ,ETF,KR7440640001,A440640,0.00,613000.00,99991231,20220823,STK,유가증권                                                                        ,111838.94,0.00,0.00,0.00,68557271767.00,한국투자 ACE 단기채권알파액티브증권상장지수투자신탁(채권),안전자산,Y,PD_RISK_GCD_16,매우낮은위험(6등급),1,2,,N,613000.00,0,,,N,채권,국내,20260615
                                        ,0,0,미래에셋TIGERS&P500레버리지증권상장지수투자신탁(주식혼합-파생형)(합성,2,합성복제,20260615,63425.00,0.00,65690.00,0.00,3.57,1.61,48.96,24.84,16.01,15.32,65720.00,55834548000.00,63448.35,65025.00,-63448.35,63448.35,2026-06-15 00:00:00,715850707.00,899791731.95,1043968628.20,10938.00,13930.35,16521.60,,,TIGER 미국S&P500레버리지(합성 H),55814000000.00,880000.00,CURR_CD_KRW,한국원화,0.00,  ,0.00,EXG_MKT_NO_001,유가증권                        ,ETF,KR7225040005,A225040,0.00,880000.00,99991231,20150729,STK,유가증권                                                                        ,63448.35,0.00,0.00,0.00,55834545500.00,미래에셋TIGERS&P500레버리지증권상장지수투자신탁(주식혼합-파생형)(합성 H),N,N,PD_RISK_GCD_11,매우높은위험(1등급),1,2,,N,880000.00,0,,,N,주식,국내,20260615
                                        ,0,,메리츠증권 주식회사,1,C,20260615,9480.00,0.00,9475.00,0.00,-0.05,0.74,,-0.52,-4.20,0.00,9475.00,0.00,9483.51,9475.00,4.96,9478.55,2026-06-15 00:00:00,28425.00,4212111.50,1122146.00,3.00,445.85,118.40,,,메리츠 일본 국채 10년 ETN,0.00,0.00,CURR_CD_KRW,한국원화,0.00,  ,0.00,EXG_MKT_NO_001,유가증권                        ,ETN,KRG610000900,Q610090,0.00,1000000.00,99991231,20250730,STK,유가증권                                                                        ,9483.51,0.00,0.00,0.00,9478550000.00,메리츠증권 메리츠 일본 국채 10년 상장지수증권 제90호,N,N,PD_RISK_GCD_11,매우높은위험(1등급),1,3,,N,1000000.00,0,,,N,채권,일본,20260615
                                        ,0,,한국투자,1,실물복제,20260615,15900.00,0.00,16045.00,0.00,0.91,4.46,35.57,8.49,21.05,24.38,16045.00,916268499000.00,15879.87,15905.00,-15879.87,15879.87,2026-06-15 00:00:00,6423569534.00,6280137616.05,5775267051.80,401574.00,398038.20,363322.60,,,ACE 미국배당다우존스,0.00,57700000.00,CURR_CD_KRW,한국원화,0.00,  ,0.00,EXG_MKT_NO_001,유가증권                        ,ETF,KR7402970008,A402970,0.00,57700000.00,99991231,20211021,STK,유가증권                                                                        ,15879.87,0.00,0.00,0.00,916268420232.00,한국투자 ACE 미국배당다우존스증권상장지수투자신탁(주식),위험자산,Y,PD_RISK_GCD_13,다소높은위험(3등급),1,2,,N,57700000.00,0,,,N,주식,미국,20260615
                                        ,0,,메리츠증권 주식회사,3,C,20260615,17705.00,0.00,18170.00,0.00,2.63,3.50,-22.08,-7.93,-11.99,-12.79,18170.00,0.00,18030.09,18095.00,221.30,17808.79,2026-06-15 00:00:00,1540700.00,5078553.50,597882.00,85.00,283.75,33.60,,,메리츠 3X 레버리지 국채10년 ETN,0.00,0.00,CURR_CD_KRW,한국원화,0.00,  ,0.00,EXG_MKT_NO_001,유가증권                        ,ETN,KRG610000595,Q610059,0.00,500000.00,99991231,20221221,STK,유가증권                                                                        ,18030.09,0.00,0.00,0.00,8904395000.00,메리츠증권 메리츠 3X 레버리지 국채10년 상장지수증권 제59호,N,N,PD_RISK_GCD_11,매우높은위험(1등급),1,3,,N,500000.00,0,,,N,채권,국내,20260615
                                        ,0,,신한,1,실물복제,20260615,10545.00,0.00,11215.00,0.00,6.35,-6.35,,-1.02,,14.09,11280.00,74394561000.00,10552.42,10955.00,-10552.42,10552.42,2026-06-15 00:00:00,3224621911.00,6044444476.15,2856791419.80,290087.00,529786.65,277749.80,,,SOL 조선기자재,0.00,7050000.00,CURR_CD_KRW,한국원화,0.00,  ,0.00,EXG_MKT_NO_001,유가증권                        ,ETF,KR70141S0002,A0141S0,0.00,7050000.00,99991231,20251216,STK,유가증권                                                                        ,10552.42,0.00,0.00,0.00,74394584964.00,신한 SOL 조선기자재증권상장지수투자신탁[주식],위험자산,Y,PD_RISK_GCD_12,높은위험(2등급),1,2,,N,7050000.00,0,,,N,주식,국내,20260615
                                        ,0,,메리츠증권 주식회사,1,C,20260615,55395.00,0.00,55400.00,0.00,0.01,0.23,2.69,0.72,1.40,1.27,55400.00,0.00,55401.72,55395.00,8.86,55392.86,2026-06-15 00:00:00,69998935375.00,5720839388.00,21552815913.00,1263511.00,103284.40,389104.80,,,메리츠 KIS CD금리투자 ETN,0.00,0.00,CURR_CD_KRW,한국원화,0.00,  ,0.00,EXG_MKT_NO_001,유가증권                        ,ETN,KRG610000637,Q610063,0.00,27600000.00,99991231,20230406,STK,유가증권                                                                        ,55401.72,0.00,0.00,0.00,1321119711000.00,메리츠증권 메리츠 KIS CD금리투자 상장지수증권 제63호,N,N,PD_RISK_GCD_11,매우높은위험(1등급),1,3,,N,27600000.00,0,,,N,단기자금,국내,20260615
                                        ,0,0,미래에셋,1,실물복제,20260615,12850.00,0.00,13180.00,0.00,2.57,-3.51,26.49,1.85,6.89,10.39,13305.00,2827761200.00,12853.46,13040.00,-12853.46,12853.46,2026-06-15 00:00:00,31798460.00,53567266.00,24631074.80,2405.00,4099.20,1914.60,,,TIGER 200 생활소비재,2827000000.00,220000.00,CURR_CD_KRW,한국원화,0.00,  ,0.00,EXG_MKT_NO_001,유가증권                        ,ETF,KR7227560000,A227560,0.00,220000.00,99991231,20150923,STK,유가증권                                                                        ,12853.46,0.00,0.00,0.00,2827761574.00,미래에셋 TIGER 200 생활소비재 증권상장지수투자신탁(주식),위험자산,Y,PD_RISK_GCD_12,높은위험(2등급),1,2,,N,220000.00,0,,,N,주식,아시아,20260615
                                        ,0,,메리츠증권 주식회사,1,C,20260615,9320.00,0.00,9415.00,0.00,1.02,5.31,-1.57,1.02,-0.37,-1.31,9415.00,0.00,9432.11,9415.00,56.33,9375.78,2026-06-15 00:00:00,800275.00,40013.75,160055.00,85.00,4.25,17.00,,,메리츠 미국채30년 스트립 ETN(H),0.00,0.00,CURR_CD_KRW,한국원화,0.00,  ,0.00,EXG_MKT_NO_001,유가증권                        ,ETN,KRG610000843,Q610084,0.00,1000000.00,99991231,20250227,STK,유가증권                                                                        ,9432.11,0.00,0.00,0.00,9375780000.00,메리츠증권 메리츠 미국채30년 스트립 상장지수증권(H) 제84호,N,N,PD_RISK_GCD_11,매우높은위험(1등급),1,3,,N,1000000.00,0,,,N,채권,미국,20260615
                                        ,0,,한국투자,1,액티브,20260615,23570.00,0.00,24075.00,0.00,2.14,-1.61,71.60,14.51,7.00,8.72,24135.00,1055832915500.00,23128.87,23695.00,-23128.87,23128.87,2026-06-15 00:00:00,15633550659.00,39651713430.80,25790917277.40,651554.00,1649563.40,1122404.20,,,ACE 테슬라밸류체인액티브,1075970500000.00,45650000.00,CURR_CD_KRW,한국원화,0.00,  ,0.00,EXG_MKT_NO_001,유가증권                        ,ETF,KR7457480002,A457480,0.00,45150000.00,99991231,20230516,STK,유가증권                                                                        ,23128.87,0.00,0.00,0.00,1039642778562.00,한국투자 ACE 테슬라밸류체인액티브증권상장지수투자신탁(주식),위험자산,Y,PD_RISK_GCD_12,높은위험(2등급),1,2,,N,45200000.00,0,,,N,주식,국내,20260615
                                        ,0,,삼성,2,실물복제,20260615,23730.00,0.00,25685.00,0.00,8.24,,,,,,26415.00,2450554250000.00,23619.80,25405.00,-23619.80,23619.80,2026-06-15 00:00:00,1255738139425.00,,1608310113828.00,48384480.00,,69792889.20,,,KODEX 삼성전자단일종목레버리지,0.00,103750000.00,CURR_CD_KRW,한국원화,0.00,  ,0.00,EXG_MKT_NO_001,유가증권                        ,ETF,KR70193W0003,A0193W0,0.00,108575000.00,99991231,20260527,STK,유가증권                                                                        ,23619.80,0.00,0.00,0.00,2450554059562.00,삼성 KODEX 삼성전자단일종목레버리지증권상장지수투자신탁[주식-파생형],N,N,PD_RISK_GCD_11,매우높은위험(1등급),1,8,,N,103750000.00,0,,,N,주식,국내,20260615
                                        ,0,,DB,1,액티브,20260615,100070.00,0.00,100130.00,0.00,0.06,,,,,,100130.00,41441851260.00,100101.09,100130.00,-100101.09,100101.09,2026-06-15 00:00:00,1001300.00,56569140.00,20908456.00,10.00,,209.00,,,마이티 5월만기자동연장특수채(AAA)액티브,41428980000.00,414000.00,CURR_CD_KRW,한국원화,0.00,  ,0.00,EXG_MKT_NO_001,유가증권                        ,ETF,KR70191M0007,A0191M0,0.00,414000.00,99991231,20260602,STK,유가증권                                                                        ,100101.09,0.00,0.00,0.00,41441850285.00,DB 마이티 5월만기자동연장특수채(AAA)액티브증권상장지수투자신탁[채권],안전자산,Y,PD_RISK_GCD_15,낮은위험(5등급),1,2,,N,414000.00,0,,,N,채권,국내,20260615
                                        ,0,0.49,한국투자,2,실물복제,20260615,81450.00,0.00,87005.00,0.00,6.82,8.30,108.15,23.06,33.42,36.88,88500.00,39846580000.00,79693.16,85730.00,-79693.16,79693.16,2026-06-15 00:00:00,50529085.00,50076181.90,65444538.80,579.00,610.55,800.40,,,ACE 일본TOPIX레버리지(H),0.00,500000.00,CURR_CD_KRW,한국원화,0.00,  ,0.00,EXG_MKT_NO_001,유가증권                        ,ETF,KR7196030001,A196030,0.00,500000.00,99991231,20140616,STK,유가증권                                                                        ,79693.16,0.00,0.00,0.00,39846580198.00,한국투자 ACE 일본 레버리지 증권 상장지수투자신탁(주식-재간접파생형)(H),N,N,PD_RISK_GCD_11,매우높은위험(1등급),1,2,,N,500000.00,0,,,N,주식,국내,20260615
                                        ,0,0,한국투자,1,실물복제,20260615,129665.00,0.00,136855.00,0.00,5.55,16.74,250.78,65.83,136.14,123.36,138450.00,1941703483000.00,130315.67,136125.00,-130315.67,130315.67,2026-06-15 00:00:00,43407656098.00,54205510241.10,56862338374.20,316033.00,427581.50,441795.60,,,ACE 200,0.00,14900000.00,CURR_CD_KRW,한국원화,0.00,  ,0.00,EXG_MKT_NO_001,유가증권                        ,ETF,KR7105190003,A105190,0.00,14900000.00,99991231,20080925,STK,유가증권                                                                        ,130315.67,0.00,0.00,0.00,1941703487623.00,한국투자 ACE 200 증권 상장지수투자신탁(주식),위험자산,Y,PD_RISK_GCD_12,높은위험(2등급),1,2,,N,14900000.00,0,,,N,주식,국내,20260615
                                        ,0,0,삼성KODEX10년국채선물인버스증권상장지수투자신탁[채권-파생형],-1,실물복제,20260615,59800.00,0.00,59435.00,0.00,-0.61,-0.96,9.60,2.90,4.67,5.65,59450.00,82435307400.00,59735.73,59240.00,-59735.73,59735.73,2026-06-15 00:00:00,9991459625.00,4334155517.25,6083109596.00,168399.00,72149.65,101496.40,,,KODEX 국채선물10년인버스,0.00,1380000.00,CURR_CD_KRW,한국원화,0.00,  ,0.00,EXG_MKT_NO_001,유가증권                        ,ETF,KR7176950004,A176950,0.00,1380000.00,99991231,20130531,STK,유가증권                                                                        ,59735.73,0.00,0.00,0.00,82435301786.00,삼성KODEX10년국채선물인버스증권상장지수투자신탁[채권-파생형],N,N,PD_RISK_GCD_13,다소높은위험(3등급),1,2,,N,1380000.00,0,,,N,채권,국내,20260615
                                        ,0,,신한투자증권 주식회사,1,C,20260511,0.00,0.00,0.00,,,,-100.00,-100.00,-100.00,-100.00,0.00,0.00,10679.04,0.00,,,,0.00,0.00,0.00,0.00,0.00,0.00,,,신한 26-05 공사채(AAA) ETN,0.00,0.00,CURR_CD_KRW,한국원화,0.00,  ,0.00,EXG_MKT_NO_001,유가증권                        ,ETN,KRG500000895,Q500089,0.00,2000000.00,20260512,20240605,STK,유가증권                                                                        ,10679.04,0.00,0.00,0.00,21358080000.00,신한투자증권 신한 26-05 공사채(AAA) 상장지수증권 제89호,N,N,PD_RISK_GCD_11,매우높은위험(1등급),0,3,,N,2000000.00,0,,,N,채권,국내,20260615
                                        ,0,,KB,1,실물복제,20260615,21400.00,0.00,23050.00,0.00,7.71,-11.38,,40.55,76.63,88.16,23175.00,701565420000.00,21454.60,22200.00,-21454.60,21454.60,2026-06-15 00:00:00,12981625923.00,33773376717.55,12569740236.00,570350.00,1362950.40,579939.40,,,RISE AI전력인프라,699780000000.00,32700000.00,CURR_CD_KRW,한국원화,0.00,  ,0.00,EXG_MKT_NO_001,유가증권                        ,ETF,KR70101N0005,A0101N0,0.00,32650000.00,99991231,20250923,STK,유가증권                                                                        ,21454.60,0.00,0.00,0.00,700492761200.00,KB RISE AI전력인프라증권상장지수투자신탁(주식),위험자산,Y,PD_RISK_GCD_12,높은위험(2등급),1,2,,N,32650000.00,0,,,N,주식,국내,20260615
,,,미래에셋증권 주식회사,,,,0.00,,0.00,,,,-100.00,,-100.00,,0.00,,,0.00,,,,0.00,0.00,0.00,0.00,0.00,0.00,,,미래에셋 S&P 유럽탄소배출권 선물 ETN,,,CURR_CD_KRW,한국원화,,,,EXG_MKT_NO_001,유가증권                        ,ETN,KRG520000438,Q520043,0.00,1000000.00,20251218,20211108,STK,유가증권                                                                        ,,,,,,미래에셋증권 미래에셋 S&P 유럽탄소배출권 선물 상장지수증권 제58호,N,N,PD_RISK_GCD_11,매우높은위험(1등급),0,,,,,0,,,N,단기자금,미국,20260615
                                        ,0,,IBK,1,실물복제,20260615,10080.00,0.00,10080.00,0.00,0.00,-1.95,,,,,10185.00,46849912500.00,10075.25,10055.00,-10075.25,10075.25,2026-06-15 00:00:00,119129525.00,193051917.30,164242696.80,11743.00,18683.75,16148.60,,,IBK 미국AI TOP10국채혼합50,0.00,4650000.00,CURR_CD_KRW,한국원화,0.00,  ,0.00,EXG_MKT_NO_001,유가증권                        ,ETF,KR70178H0001,A0178H0,0.00,4650000.00,99991231,20260428,STK,유가증권                                                                        ,10075.25,0.00,0.00,0.00,46849896123.00,IBK IBK 미국AI TOP10국채혼합50 증권상장지수투자신탁[채권혼합],안전자산,Y,PD_RISK_GCD_14,보통위험(4등급),1,2,,N,4650000.00,0,,,N,혼합자산,미국,20260615
                                        ,0,,KB,1,액티브,20260615,38700.00,0.00,39800.00,0.00,2.84,21.49,283.98,90.57,160.90,144.92,40215.00,363029880000.00,38620.20,39290.00,-38620.20,38620.20,2026-06-15 00:00:00,11635502560.00,18548191038.80,10971506552.00,291982.00,518889.45,288888.20,,,RISE 비메모리반도체액티브,363780000000.00,9400000.00,CURR_CD_KRW,한국원화,0.00,  ,0.00,EXG_MKT_NO_001,유가증권                        ,ETF,KR7388420002,A388420,0.00,9440000.00,99991231,20210610,STK,유가증권                                                                        ,38620.20,0.00,0.00,0.00,363029881868.00,KB RISE 비메모리반도체액티브증권상장지수투자신탁(주식),위험자산,Y,PD_RISK_GCD_11,매우높은위험(1등급),1,2,,N,9400000.00,0,,,N,주식,국내,20260615
                                        ,0,,삼성,1,실물복제,20260615,17200.00,0.00,18245.00,0.00,6.08,-6.56,81.09,12.73,13.75,31.78,18245.00,,17310.44,17735.00,-17310.44,17310.44,2026-06-15 00:00:00,45442902852.00,136815056978.35,103261284186.80,2516006.00,7406386.35,6197012.40,,,KODEX 2차전지산업,0.00,112200000.00,CURR_CD_KRW,한국원화,0.00,  ,0.00,EXG_MKT_NO_001,유가증권                        ,ETF,KR7305720005,A305720,0.00,113100000.00,99991231,20180912,STK,유가증권                                                                        ,17310.44,0.00,0.00,0.00,1942231150363.00,삼성 KODEX 2차전지산업증권상장지수투자신탁[주식],위험자산,Y,PD_RISK_GCD_11,매우높은위험(1등급),1,2,,N,112200000.00,0,,,N,주식,국내,20260615
                                        ,0,,NH-Amundi,1,실물복제,20260615,50625.00,0.00,53705.00,0.00,6.08,18.69,311.06,87.32,159.32,157.89,55000.00,28129832500.00,51145.15,53270.00,-51145.15,51145.15,2026-06-15 00:00:00,398179760.00,1152138515.85,1253561047.00,7401.00,23482.20,25100.00,,,HANARO Fn5G산업,27843750000.00,550000.00,CURR_CD_KRW,한국원화,0.00,  ,0.00,EXG_MKT_NO_001,유가증권                        ,ETF,KR7367740008,A367740,0.00,550000.00,99991231,20201029,STK,유가증권                                                                        ,51145.15,0.00,0.00,0.00,28129831381.00,NH-Amundi HANARO Fn5G산업증권상장지수투자신탁(주식),위험자산,Y,PD_RISK_GCD_12,높은위험(2등급),1,2,,N,550000.00,0,,,N,주식,국내,20260615
                                        ,0,,미래에셋,1,실물복제,20260615,7520.00,0.00,7430.00,0.00,-1.20,-10.27,0.34,-10.48,-16.00,-10.59,7635.00,46840573200.00,7458.69,7430.00,-7458.69,7458.69,2026-06-15 00:00:00,251299632.00,528615832.45,502303516.40,33570.00,67584.15,68454.60,,,TIGER 차이나바이오테크SOLACTIVE,47225600000.00,6280000.00,CURR_CD_KRW,한국원화,0.00,  ,0.00,EXG_MKT_NO_001,유가증권                        ,ETF,KR7371470006,A371470,0.00,6160000.00,99991231,20201208,STK,유가증권                                                                        ,7458.69,0.00,0.00,0.00,45647174607.00,미래에셋 TIGER 차이나바이오테크SOLACTIVE증권상장지수투자신탁(주식-파생형),위험자산,Y,PD_RISK_GCD_11,매우높은위험(1등급),1,2,,N,6240000.00,0,,,N,주식,중국,20260615
                                        ,0,0,미래에셋,1,실물복제,20260615,197890.00,0.00,202295.00,0.00,2.23,4.11,54.50,24.57,22.75,24.09,202350.00,11141723622000.00,198251.31,200395.00,-198251.31,198251.31,2026-06-15 00:00:00,282838317457.00,241468239570.60,371951173297.80,1401272.00,1221558.15,1892188.60,,,TIGER 미국나스닥100,11121418000000.00,56200000.00,CURR_CD_KRW,한국원화,0.00,  ,0.00,EXG_MKT_NO_001,유가증권                        ,ETF,KR7133690008,A133690,0.00,56440000.00,99991231,20101018,STK,유가증권                                                                        ,198251.31,0.00,0.00,0.00,11177408709030.00,미래에셋 TIGER 미국나스닥100증권상장지수투자신탁(주식),위험자산,Y,PD_RISK_GCD_12,높은위험(2등급),1,2,,N,56380000.00,0,,,Y,주식,아시아,20260615
                                        ,0,0.4,미래에셋TIGER200에너지화학증권상장지수투자신탁(주식),1,실물복제,20260615,18885.00,0.00,20055.00,0.00,6.20,2.14,87.78,21.91,39.13,47.52,20285.00,32875212000.00,18893.80,19385.00,-18893.80,18893.80,2026-06-15 00:00:00,860995756.00,2079389352.70,912692277.40,43187.00,105239.45,48947.00,,,TIGER 200 에너지화학,32859900000.00,1740000.00,CURR_CD_KRW,한국원화,0.00,  ,0.00,EXG_MKT_NO_001,유가증권                        ,ETF,KR7139250005,A139250,0.00,1740000.00,99991231,20110406,STK,유가증권                                                                        ,18893.80,0.00,0.00,0.00,32875209292.00,미래에셋TIGER200에너지화학증권상장지수투자신탁(주식),위험자산,Y,PD_RISK_GCD_11,매우높은위험(1등급),1,2,,N,1740000.00,0,,,N,주식,국내,20260615
                                        ,0,,미래에셋,1,액티브,20260615,40620.00,0.00,43730.00,0.00,7.66,19.64,157.69,78.38,90.46,93.71,43805.00,596632536800.00,40367.56,41540.00,-40367.56,40367.56,2026-06-15 00:00:00,27914501944.00,12084970687.75,21716193523.60,641930.00,301344.50,533225.40,,,TIGER 글로벌AI액티브,600363600000.00,14780000.00,CURR_CD_KRW,한국원화,0.00,  ,0.00,EXG_MKT_NO_001,유가증권                        ,ETF,KR7466950003,A466950,0.00,15040000.00,99991231,20231011,STK,유가증권                                                                        ,40367.56,0.00,0.00,0.00,597036278406.00,미래에셋 TIGER 글로벌AI액티브증권상장지수투자신탁(주식),위험자산,Y,PD_RISK_GCD_12,높은위험(2등급),1,2,,N,14870000.00,0,,,N,주식,글로벌,20260615
                                        ,0,,키움증권(주),1,C,20260615,7990.00,0.00,8160.00,0.00,2.13,-13.79,-13.56,-29.32,-27.79,-26.65,8230.00,0.00,8145.34,8095.00,176.00,7969.34,2026-06-15 00:00:00,3605210.00,16201691.25,16536908.00,443.00,1998.05,2086.80,,,키움 바이오TOP10 ETN,0.00,0.00,CURR_CD_KRW,한국원화,0.00,  ,0.00,EXG_MKT_NO_001,유가증권                        ,ETN,KRG760000148,Q760014,0.00,700000.00,99991231,20241108,STK,유가증권                                                                        ,8145.34,0.00,0.00,0.00,5578538000.00,키움증권 키움 바이오TOP10 상장지수증권 제14호,N,N,PD_RISK_GCD_11,매우높은위험(1등급),1,3,,N,700000.00,0,,,N,주식,국내,20260615
                                        ,0,,삼성,1,실물복제,20260615,33710.00,0.00,31980.00,0.00,-5.13,2.65,244.43,30.16,108.07,107.06,34490.00,525597479000.00,32952.82,31735.00,-32952.82,32952.82,2026-06-15 00:00:00,105293858677.00,60068408710.60,66725997676.20,3207817.00,1999666.95,2181262.20,,,KODEX AI반도체핵심장비,0.00,15950000.00,CURR_CD_KRW,한국원화,0.00,  ,0.00,EXG_MKT_NO_001,유가증권                        ,ETF,KR7471990002,A471990,0.00,15950000.00,99991231,20231121,STK,유가증권                                                                        ,32952.82,0.00,0.00,0.00,525597503511.00,삼성 KODEX AI반도체핵심장비증권상장지수투자신탁[주식],위험자산,Y,PD_RISK_GCD_12,높은위험(2등급),1,2,,N,15950000.00,0,,,N,주식,국내,20260615
                                        ,0,,한화,1,실물복제,20260615,15160.00,0.00,15220.00,0.00,0.40,-0.23,43.05,17.53,13.88,14.82,15285.00,33238832000.00,15108.56,15165.00,-15108.56,15108.56,2026-06-15 00:00:00,61532105.00,199265098.65,95453797.80,4045.00,12998.65,6319.80,,,PLUS 미국S&P500성장주,33352000000.00,2200000.00,CURR_CD_KRW,한국원화,0.00,  ,0.00,EXG_MKT_NO_001,유가증권                        ,ETF,KR7494410004,A494410,0.00,2200000.00,99991231,20241022,STK,유가증권                                                                        ,15108.56,0.00,0.00,0.00,33238827648.00,한화 PLUS 미국S&P500성장주증권상장지수투자신탁(주식),위험자산,Y,PD_RISK_GCD_12,높은위험(2등급),1,2,,N,2200000.00,0,,,Y,주식,미국,20260615
                                        ,0,,삼성증권(주),-2,C,20260615,47345.00,0.00,42235.00,0.00,-10.79,21.23,,16.74,,,42295.00,0.00,42199.36,41380.00,-9539.67,51739.03,2026-06-15 00:00:00,811734105.00,3407650059.65,1273010947.60,19355.00,93359.40,25649.60,,,삼성 인버스 2X 은 선물 ETN,0.00,0.00,CURR_CD_KRW,한국원화,0.00,  ,0.00,EXG_MKT_NO_001,유가증권                        ,ETN,KRG530001434,Q530143,0.00,1000000.00,99991231,20260306,STK,유가증권                                                                        ,42199.36,0.00,0.00,0.00,51739030000.00,삼성증권 삼성 인버스 2X 은 선물 상장지수증권 제143호,N,N,PD_RISK_GCD_11,매우높은위험(1등급),1,3,,N,1000000.00,0,,,N,원자재,국내,20260615
                                        ,0,,한화,1,실물복제,20260615,8765.00,0.00,8830.00,0.00,0.74,-1.45,,-5.00,-12.10,-12.05,8840.00,,8796.89,8760.00,-8796.89,8796.89,2026-06-15 00:00:00,2036347085.00,2588397095.25,2729900041.20,230821.00,288386.10,307643.00,,,PLUS 테슬라위클리커버드콜채권혼합,127969000000.00,14600000.00,CURR_CD_KRW,한국원화,0.00,  ,0.00,EXG_MKT_NO_001,유가증권                        ,ETF,KR70132K0001,A0132K0,0.00,14600000.00,99991231,20251209,STK,유가증권                                                                        ,8796.89,0.00,0.00,0.00,128434527591.00,한화 PLUS 테슬라위클리커버드콜채권혼합증권상장지수투자신탁(채권혼합-파생형),안전자산,Y,PD_RISK_GCD_13,다소높은위험(3등급),1,2,,N,14600000.00,0,,,N,주식,미국,20260615
                                        ,0,0,키움,1,실물복제,20260615,102375.00,0.00,102390.00,0.00,0.01,0.13,-0.65,0.61,-1.70,1.08,102415.00,164943411030.00,102385.73,102385.00,-102385.73,102385.73,2026-06-15 00:00:00,15419859360.00,2044230748.80,3904498886.40,150586.00,19973.20,38132.40,,,KIWOOM 단기자금,164926125000.00,1611000.00,CURR_CD_KRW,한국원화,0.00,  ,0.00,EXG_MKT_NO_001,유가증권                        ,ETF,KR7130730005,A130730,0.00,1480000.00,99991231,20100729,STK,유가증권                                                                        ,102385.73,0.00,0.00,0.00,153680986755.00,키움 KIWOOM 단기자금증권상장지수투자신탁[채권],안전자산,Y,PD_RISK_GCD_16,매우낮은위험(6등급),1,2,,N,1501000.00,0,,,N,채권,국내,20260615
                                        ,0,0.4,삼성,1,실물복제,20260615,18015.00,0.00,18295.00,0.00,1.55,-3.58,46.71,-8.18,15.72,18.57,18720.00,5456058723000.00,18250.74,18070.00,-18250.74,18250.74,2026-06-15 00:00:00,292254104664.00,618233262531.50,552784134895.60,15953181.00,34063635.55,31948624.00,,,KODEX 코스닥150,0.00,298950000.00,CURR_CD_KRW,한국원화,0.00,  ,0.00,EXG_MKT_NO_001,유가증권                        ,ETF,KR7229200001,A229200,0.00,296600000.00,99991231,20151001,STK,유가증권                                                                        ,18250.74,0.00,0.00,0.00,5456059326706.00,삼성 KODEX 코스닥 150 증권상장지수투자신탁(주식),위험자산,Y,PD_RISK_GCD_11,매우높은위험(1등급),1,2,,N,298950000.00,0,,,N,주식,국내,20260615
                                        ,0,0.4,삼성,2,실물복제,20260615,13000.00,0.00,13420.00,0.00,3.23,-10.50,71.61,-21.75,11.46,17.15,13980.00,,13216.63,13100.00,-13216.63,13216.63,2026-06-15 00:00:00,517634141044.00,858379863706.10,753765100166.40,38455994.00,62526428.85,62527396.40,,,KODEX 코스닥150레버리지,0.00,305200000.00,CURR_CD_KRW,한국원화,0.00,  ,0.00,EXG_MKT_NO_001,유가증권                        ,ETF,KR7233740000,A233740,0.00,301500000.00,99991231,20151217,STK,유가증권                                                                        ,13216.63,0.00,0.00,0.00,4033716959613.00,삼성 KODEX 코스닥150 레버리지증권상장지수투자신탁(주식-파생형),N,N,PD_RISK_GCD_11,매우높은위험(1등급),1,2,,N,305200000.00,0,,,N,주식,국내,20260615
                                        ,0,,하나,1,액티브,20260615,9500.00,0.00,9890.00,0.00,4.11,-11.14,,,,,9985.00,59124062500.00,9459.85,9845.00,-9459.85,9459.85,2026-06-15 00:00:00,2498661695.00,3822271252.15,2576752929.80,252163.00,363782.75,271963.00,,,1Q 은액티브,59375000000.00,6250000.00,CURR_CD_KRW,한국원화,0.00,  ,0.00,EXG_MKT_NO_001,유가증권                        ,ETF,KR70172V0009,A0172V0,0.00,6250000.00,99991231,20260331,STK,유가증권                                                                        ,9459.85,0.00,0.00,0.00,59124086406.00,하나 1Q 은액티브특별자산상장지수투자신탁[은-재간접형],위험자산,Y,PD_RISK_GCD_11,매우높은위험(1등급),1,2,,N,6250000.00,0,,,N,원자재,국내,20260615
                                        ,0,,KB,1,액티브,20260615,15390.00,0.00,15665.00,0.00,1.79,3.67,23.01,10.94,11.06,12.54,15685.00,19220000000.00,15376.00,15470.00,-15376.00,15376.00,2026-06-15 00:00:00,163811440.00,228808766.25,143072231.60,10477.00,14842.50,9272.00,,,RISE TDF2030액티브 적격,19237500000.00,1250000.00,CURR_CD_KRW,한국원화,0.00,  ,0.00,EXG_MKT_NO_001,유가증권                        ,ETF,KR7442550000,A442550,0.00,1250000.00,99991231,20220922,STK,유가증권                                                                        ,15376.00,0.00,0.00,0.00,19219999520.00,KB RISE 적격TDF2030액티브증권상장지수투자신탁(주식혼합-재간접형),안전자산,Y,PD_RISK_GCD_14,보통위험(4등급),1,2,,N,1250000.00,0,,,N,단기자금,국내,20260615
                                        ,0,,키움증권(주),1,C,20260615,43915.00,0.00,44575.00,0.00,1.50,17.89,410.30,68.02,201.28,170.56,45585.00,0.00,44044.67,44365.00,164.43,43880.24,2026-06-15 00:00:00,9269045.00,115195042.45,14205018.40,207.00,2958.10,329.60,,,키움 반도체TOP10 ETN,0.00,0.00,CURR_CD_KRW,한국원화,0.00,  ,0.00,EXG_MKT_NO_001,유가증권                        ,ETN,KRG760000122,Q760012,0.00,700000.00,99991231,20240808,STK,유가증권                                                                        ,44044.67,0.00,0.00,0.00,30716168000.00,키움증권 키움 반도체TOP10 상장지수증권 제12호,N,N,PD_RISK_GCD_11,매우높은위험(1등급),1,3,,N,700000.00,0,,,N,주식,국내,20260615
                                        ,0,,한국투자,1,실물복제,20260615,15450.00,0.00,15605.00,0.00,1.00,4.35,82.19,22.30,29.29,35.34,15770.00,15428680000.00,15428.68,15505.00,-15428.68,15428.68,2026-06-15 00:00:00,448639158.00,213351026.70,105627711.40,28804.00,14035.60,6801.40,,,ACE 미국중심중소형제조업,0.00,1000000.00,CURR_CD_KRW,한국원화,0.00,  ,0.00,EXG_MKT_NO_001,유가증권                        ,ETF,KR70008E0000,A0008E0,0.00,1000000.00,99991231,20250121,STK,유가증권                                                                        ,15428.68,0.00,0.00,0.00,15428683586.00,한국투자 ACE 미국중심중소형제조업증권상장지수투자신탁(주식),위험자산,Y,PD_RISK_GCD_12,높은위험(2등급),1,2,,N,1000000.00,0,,,N,주식,미국,20260615
                                        ,0,0,삼성,-1,실물복제,20260615,7345.00,0.00,7395.00,0.00,0.68,-0.74,-10.36,-1.40,-3.08,-4.95,7425.00,122060796000.00,7353.06,7375.00,-7353.06,7353.06,2026-06-15 00:00:00,867106013.00,1261493305.50,1075565267.00,117191.00,171522.75,146373.60,,,KODEX 미국달러선물인버스,0.00,16600000.00,CURR_CD_KRW,한국원화,0.00,  ,0.00,EXG_MKT_NO_001,유가증권                        ,ETF,KR7261270003,A261270,0.00,16500000.00,99991231,20161227,STK,유가증권                                                                        ,7353.06,0.00,0.00,0.00,122060790421.00,삼성 KODEX 미국달러선물인버스특별자산상장지수투자신탁(미국달러-파생형),N,N,PD_RISK_GCD_13,다소높은위험(3등급),1,2,,N,16600000.00,0,,,N,통화,국내,20260615
                                        ,0,,한국투자,1,합성복제,20260615,19595.00,0.00,20200.00,0.00,3.09,0.50,40.96,8.92,12.00,12.98,20210.00,18093870000.00,20104.30,19930.00,-20104.30,20104.30,2026-06-15 00:00:00,21512320.00,29667162.05,21783418.00,1068.00,1481.90,1115.00,,,ACE MSCI멕시코(합성),0.00,900000.00,CURR_CD_KRW,한국원화,0.00,  ,0.00,EXG_MKT_NO_001,유가증권                        ,ETF,KR7291130003,A291130,0.00,900000.00,99991231,20180309,STK,유가증권                                                                        ,20104.30,0.00,0.00,0.00,18093869668.00,한국투자 ACE MSCI멕시코증권상장지수투자신탁(주식-파생형)(합성),위험자산,Y,PD_RISK_GCD_12,높은위험(2등급),1,2,,N,900000.00,0,,,N,주식,국내,20260615
                                        ,0,,한화,1,액티브,20260615,65435.00,0.00,65015.00,0.00,-0.64,0.78,14.70,2.19,4.37,7.14,65175.00,7193877900.00,65398.89,65015.00,-65398.89,65398.89,2026-06-15 00:00:00,390350.00,21549343.00,57480031.00,6.00,329.55,880.40,,,PLUS 미국달러SOFR금리액티브(합성),7197850000.00,110000.00,CURR_CD_KRW,한국원화,0.00,  ,0.00,EXG_MKT_NO_001,유가증권                        ,ETF,KR7456200005,A456200,0.00,110000.00,99991231,20230509,STK,유가증권                                                                        ,65398.89,0.00,0.00,0.00,7193877969.00,한화 PLUS 미국달러SOFR금리액티브특별자산상장지수투자신탁(금리-파생형)(합성),위험자산,Y,PD_RISK_GCD_12,높은위험(2등급),1,2,,N,110000.00,0,,,N,단기자금,미국,20260615
                                        ,0,,메리츠증권 주식회사,2,C,20260615,9600.00,0.00,10600.00,0.00,10.42,-22.00,,-34.30,,,10730.00,0.00,10574.94,10565.00,1737.25,8837.69,2026-06-15 00:00:00,313782815.00,219829875.75,287028270.00,29526.00,19376.20,30853.40,,,메리츠 레버리지 은 선물 ETN(H),0.00,0.00,CURR_CD_KRW,한국원화,0.00,  ,0.00,EXG_MKT_NO_001,유가증권                        ,ETN,KRG610001007,Q610100,0.00,1000000.00,99991231,20260306,STK,유가증권                                                                        ,10574.94,0.00,0.00,0.00,8837690000.00,메리츠증권 메리츠 레버리지 은 선물 상장지수증권(H) 제100호,N,N,PD_RISK_GCD_11,매우높은위험(1등급),1,3,,N,1000000.00,0,,,N,원자재,국내,20260615
                                        ,0,,한국투자증권(주),-2,C,20260615,5375.00,0.00,5020.00,0.00,-6.60,14.09,-36.46,37.16,-4.74,-2.05,5030.00,0.00,4998.32,4920.00,-582.58,5580.90,2026-06-15 00:00:00,2321280.00,46844819.15,34586941.80,465.00,9746.35,6324.80,,,한투 인버스2X금선물 ETN,0.00,0.00,CURR_CD_KRW,한국원화,0.00,  ,0.00,EXG_MKT_NO_001,유가증권                        ,ETN,KRG570000601,Q570060,0.00,1000000.00,99991231,20210805,STK,유가증권                                                                        ,4998.32,0.00,0.00,0.00,5580900000.00,한국투자증권 한투 인버스2X금선물 상장지수증권 제60호,N,N,PD_RISK_GCD_11,매우높은위험(1등급),1,3,,N,1000000.00,0,,,N,원자재,국내,20260615
                                        ,0,,한국투자,1,액티브,20260615,12165.00,0.00,12310.00,0.00,1.19,2.50,21.76,6.90,6.67,8.65,12310.00,86678949500.00,12122.93,12180.00,-12122.93,12122.93,2026-06-15 00:00:00,321320926.00,569373754.05,424937670.60,26180.00,46620.00,34923.60,,,ACE 미국배당퀄리티+커버드콜액티브,0.00,7150000.00,CURR_CD_KRW,한국원화,0.00,  ,0.00,EXG_MKT_NO_001,유가증권                        ,ETF,KR70049M0001,A0049M0,0.00,6900000.00,99991231,20250513,STK,유가증권                                                                        ,12122.93,0.00,0.00,0.00,83648229975.00,한국투자 ACE 미국배당퀄리티+커버드콜액티브증권상장지수투자신탁(주식-재간접형),위험자산,Y,PD_RISK_GCD_12,높은위험(2등급),1,2,,N,7150000.00,0,,,N,주식,미국,20260615
                                        ,0,0,미래에셋,-2,실물복제,20260615,4390.00,0.00,4460.00,0.00,1.59,-1.55,-22.03,-3.25,-8.32,-10.35,4485.00,38652768000.00,4392.36,4435.00,-4392.36,4392.36,2026-06-15 00:00:00,300547790.00,196252426.90,181379035.60,67383.00,44383.65,41104.40,,,TIGER 미국달러선물인버스2X,38632000000.00,8800000.00,CURR_CD_KRW,한국원화,0.00,  ,0.00,EXG_MKT_NO_001,유가증권                        ,ETF,KR7261120000,A261120,0.00,8800000.00,99991231,20161227,STK,유가증권                                                                        ,4392.36,0.00,0.00,0.00,38652735377.00,미래에셋 TIGER 미국달러선물인버스2X특별자산상장지수투자신탁(달러-파생형),N,N,PD_RISK_GCD_11,매우높은위험(1등급),1,2,,N,8800000.00,0,,,N,통화,아시아,20260615
                                        ,0,,한화,1,실물복제,20260615,37930.00,0.00,39285.00,0.00,3.57,12.32,244.76,62.10,138.45,122.58,39740.00,103634465000.00,37685.26,39120.00,-37685.26,37685.26,2026-06-15 00:00:00,2164938132.00,1071613515.05,1031390470.80,54966.00,28631.00,27543.80,,,PLUS 코리아밸류업,104307500000.00,2750000.00,CURR_CD_KRW,한국원화,0.00,  ,0.00,EXG_MKT_NO_001,유가증권                        ,ETF,KR7495040008,A495040,0.00,2750000.00,99991231,20241104,STK,유가증권                                                                        ,37685.26,0.00,0.00,0.00,103634467262.00,한화 PLUS 코리아밸류업증권상장지수투자신탁(주식),위험자산,Y,PD_RISK_GCD_12,높은위험(2등급),1,2,,N,2750000.00,0,,,N,주식,미국,20260615
                                        ,0,,삼성,1,액티브,20260615,15220.00,0.00,15145.00,0.00,-0.49,0.77,10.39,1.47,2.68,5.06,15175.00,673900983600.00,15224.24,15075.00,-15224.24,15224.24,2026-06-15 00:00:00,9401991390.00,10760365927.30,11445953852.00,621859.00,709190.15,752191.00,,,KODEX 미국머니마켓액티브,0.00,44265000.00,CURR_CD_KRW,한국원화,0.00,  ,0.00,EXG_MKT_NO_001,유가증권                        ,ETF,KR70048J0007,A0048J0,0.00,44175000.00,99991231,20250513,STK,유가증권                                                                        ,15224.24,0.00,0.00,0.00,673901038732.00,삼성 KODEX 미국머니마켓액티브증권상장지수투자신탁[채권],안전자산,Y,PD_RISK_GCD_15,낮은위험(5등급),1,2,,N,44265000.00,0,,,N,채권,미국,20260615
                                        ,0,,신한,1,실물복제,20260615,11920.00,0.00,11915.00,0.00,-0.04,2.49,21.21,3.74,10.73,12.09,11950.00,,11904.29,11810.00,-11904.29,11904.29,2026-06-15 00:00:00,4494814694.00,4164228243.95,3593777280.60,377778.00,351666.10,301856.20,,,SOL 미국배당미국채혼합50,0.00,38800000.00,CURR_CD_KRW,한국원화,0.00,  ,0.00,EXG_MKT_NO_001,유가증권                        ,ETF,KR7490490000,A490490,0.00,38800000.00,99991231,20240924,STK,유가증권                                                                        ,11904.29,0.00,0.00,0.00,461886645281.00,신한 SOL 미국배당미국채혼합50증권상장지수투자신탁[채권혼합],안전자산,Y,PD_RISK_GCD_14,보통위험(4등급),1,2,,N,38800000.00,0,,,Y,혼합자산,미국,20260615
                                        ,0,0,미래에셋TIGER단기선진국하이일드증권상장지수투자신탁(채권-파생형)(합성,1,합성복제,20260615,13810.00,0.00,13790.00,0.00,-0.14,-0.29,2.99,1.06,0.80,0.44,13815.00,8295402000.00,13825.67,13790.00,-13825.67,13825.67,2026-06-15 00:00:00,5833270.00,21661922.50,10056630.00,423.00,1574.35,731.40,,,TIGER 단기선진하이일드(합성 H),8286000000.00,600000.00,CURR_CD_KRW,한국원화,0.00,  ,0.00,EXG_MKT_NO_001,유가증권                        ,ETF,KR7182490003,A182490,0.00,600000.00,99991231,20140324,STK,유가증권                                                                        ,13825.67,0.00,0.00,0.00,8295402738.00,미래에셋TIGER단기선진국하이일드증권상장지수투자신탁(채권-파생형)(합성 H),위험자산,Y,PD_RISK_GCD_15,낮은위험(5등급),1,2,,N,600000.00,0,,,N,채권,국내,20260615
