cu_base_index,cu_charge_rt,cu_etn_yn,cu_fund_mgmt_co,cu_index_repl_mthd,cu_index_tracking_yn,cu_inverse_short_yn,cu_lev_fector,cu_strtegy,cu_upt_dt,du_base_dt_match_yn,du_bpr,du_clpr,du_clpr_base_dt,du_clpr_src,du_diff_rt,du_er_1d,du_hpr,du_last_aum,du_last_nav,du_lpr,du_nav_base_dt,du_opr,du_upt_dt,du_val_1d,du_vol_1d,pd_abrv_nm,pd_curr_cd,pd_exg_mkt_cd,pd_grp_no,pd_isin_cd,pd_itm_no,pd_itm_no_ma,pd_lipper_id,pd_lstg_dt,pd_lst_price,pd_lst_stk_cnt,pd_mkt_id,pd_nm,pd_sale_yn,pd_trd_ccy,pd_tr_yn,pd_us_cik,ru_mkt_price,ru_mkt_volume,wu_core_yn,wu_inv_ast_type,wu_inv_rgn,wu_upt_dt
Index is not available on Lipper Database,0.000000,,Van Eck Associates Corp,Optimized,Y,,,"The Fund seeks to replicate as closely as possible, before fees and expenses, the price and yield performance of the ChiNext Index. The Fund normally invests at least 80% of its assets in the securities of the Index, which intends to track the performance of the 100 largest and most liquid stocks on the ChiNext Market.",20260614,N,54.48000000,57.74000000,20260616,pd65n101.tday_clpr,,0.000000,57.74000000,137630000.00,55.052000,57.30000000,2026-06-14 00:00:00,57.55000000,20260616,2318891.00000000,40305.00000000,CNXT,USD,AMX,ETF,US92189F6271,CNXT.K,CNXT.K,40208422,20140723,0E-8,2500000.00,US,VanEck ChiNext Innovators ETF,1,USD,0,1137360,57.74000000,40305.00000000,,Equity,China,20260614
Index is not provided by Management Company,1.490000,,AXS Investments LLC,,,Y,,The Fund seeks daily inverse leveraged investment results and is very different from most other exchange-traded funds. The Funds objective is to magnify the inverse (-200%) daily performance of the common shares of Sandisk Corp. (Nasdaq: SNDK) and will maintain at least 80% exposure to financial instruments.,20260614,N,3.73000000,3.25000000,20260616,pd65n101.tday_clpr,,0.000000,3.58000000,79270000.00,,3.22000000,2026-06-14 00:00:00,3.30000000,20260616,127067673.00000000,38098888.00000000,SNDQ,USD,AMX,ETF,US46152A3611,SNDQ.K,SNDQ.K,40306589,20260422,0E-8,21220000.00,US,Tradr 2X Short SNDK Daily ETF,1,USD,0,1587982,3.25000000,38098888.00000000,,Alternatives,United States of America,20260614
SPADE Defense TR USD,0.500000,,Invesco Capital Management LLC,Optimized,Y,,,"""The Fund seeks to track the investment results (before fees and expenses) of the SPADE Defense Index (the """"Underlying Index""""). The Fund generally will invest at least 90% of its total assets in common stocks of that comprise the Underlying Index in proportion to their weightings in the Underlying Index.""",20260614,N,174.13000000,175.81000000,20260616,pd65n101.tday_clpr,,0.000000,177.00000000,,,175.48000000,2026-06-14 00:00:00,176.55000000,20260616,30683840.00000000,173951.00000000,PPA,USD,AMX,ETF,US46137V1008,PPA,PPA,40104966,20051026,0E-8,47090000.00,US,Invesco Aerospace & Defense ETF,1,USD,0,1209466,175.81000000,173951.00000000,,Equity,United States of America,20260614
Index is not provided by Management Company,0.000000,,Rex Advisers LLC,,,,,The Fund seeks to pay weekly distributions. The Fund invests at least 80% of its net assets in shares of its respective Underlying Security investments that provide exposure to its respective Underlying Security or income-producing investments tied to its respective Underlying Security and are considered growth companies.,20260614,N,23.22430000,22.55010000,20260609,pd65n101.tday_clpr,,,23.41000000,2790000.00,23.250000,21.80000000,2026-06-14 00:00:00,23.22000000,20260610,111248.00000000,4948.00000000,GIF,USD,AMX,ETF,US7615628341,GIF,GIF,40306005,20260225,0E-8,120000.00,US,REX Growth & Income Universe ETF,1,USD,0,2043954,22.55010000,4948.00000000,,Alternatives,United States of America,20260614
Index is not provided by Management Company,1.300000,,AXS Investments LLC,,,,,"The Fund seeks daily investment results, before fees and expenses, that correspond to two times (200%) the daily performance of the common shares of Celestica, Inc. The Fund will maintain at least 80% exposure to financial instruments that provide two times leveraged exposure to the daily performance of CLS.",20260614,N,22.41000000,23.43000000,20260616,pd65n101.tday_clpr,,0.000000,24.43000000,,,22.40000000,2026-06-14 00:00:00,23.96500000,20260616,1894539.00000000,81831.00000000,CSEX,USD,AMX,ETF,US46092D3686,CSEX.K,CSEX.K,40305097,20251112,0E-8,720000.00,US,Tradr 2X Long CLS Daily ETF,1,USD,0,1587982,23.43000000,81831.00000000,,Alternatives,Global,20260614
Syntax Defined Volatility XLC USD,0.850000,,WEBS INVESTMENTS INC.,Swap,Y,,,"The Fund seeks to provide investment results that, before fees & expenses, correspond to the performance of the Syntax Defined Volatility XLC Index. The Fund implements its investment objective by investing at least 80% of its net assets in financial instruments that achieve the investment results of the Index.",20260614,N,25.07350000,25.00000000,20260616,pd65n101.tday_clpr,,0.000000,24.80810000,240000.00,24.000000,24.80810000,2026-06-14 00:00:00,24.80810000,20260613,0E-8,0E-8,DVXC,USD,NAS,ETF,US87166N7755,DVXC.O,DVXC.O,40304197,20250722,0E-8,10000.00,US,WEBs Communication Services XLC Defined Vol ETF,1,USD,0,1580843,24.80810000,0E-8,,Equity,United States of America,20260614
ICE BofA National LT Core Pl Muni Sec TR,0.280000,,Invesco Capital Management LLC,Optimized,Y,,,The Fund seeks investment results that correspond generally to the price and yield performance of the Merrill Lynch US Insured Core Municipal Securities Index. The Fund will normally invest at least 80% of its total assets in insured municipal securities that are exempt from federal income tax.,20260614,N,23.36000000,23.39000000,20260616,pd65n101.tday_clpr,,0.000000,23.42000000,4200450000.00,,23.37000000,2026-06-14 00:00:00,23.42000000,20260616,18021089.00000000,770297.00000000,PZA,USD,AMX,ETF,US46138E5371,PZA,PZA,40116485,20071011,0E-8,180000000.00,US,Invesco National AMT-Free Municipal Bond ETF,1,USD,0,1378872,23.39000000,770297.00000000,,Bond,United States of America,20260614
FTSE China Capped NR USD,0.190000,,Franklin Advisory Services LLC,Optimized,Y,,,The Fund seeks to provide investment results that closely correspond to the performance of the FTSE China RIC Capped Index. The Fund invests at least 80% of its assets in the component securities of the Underlying Index designed to measure the performance of Chinese large- and mid-capitalization stocks.,20260614,N,21.83000000,22.08000000,20260616,pd65n101.tday_clpr,,0.000000,22.12000000,271350000.00,,22.03000000,2026-06-14 00:00:00,22.09000000,20260616,341657.00000000,15474.00000000,FLCH,USD,AMX,ETF,US35473P8196,FLCH.K,FLCH.K,40222322,20171102,0E-8,12400000.00,US,Franklin FTSE China ETF,1,USD,0,1655589,22.08000000,15474.00000000,,Equity,China,20260614
Bloomberg US 1-5 Yr Corporate Bond TR,0.750000,,Liquid Strategies LLC,,,,,"The Fund seeks total return. The Fund seeks to achieve its objective by investing in ETFs that seek exposure to the performance of short-term, investment grade, US dollar-denominated, fixed-rate taxable bonds with an average maturity of no more than three years and by selling and purchasing listed short-term put options.",20260614,N,21.88000000,21.92780000,20260616,pd65n101.tday_clpr,,0.000000,21.96000000,60170000.00,21.880000,21.91000000,2026-06-14 00:00:00,21.96000000,20260616,241036.00000000,10995.00000000,OVT,USD,AMX,ETF,US53656F5733,OVT,OVT,40231317,20210114,0E-8,2750000.00,US,Overlay Shares Short Term Bond ETF,1,USD,0,1683471,21.92780000,10995.00000000,,Bond,United States of America,20260614
Index is not available on Lipper Database,0.040000,,BNY Mellon ETF Investment Adviser LLC,Optimized,Y,,,"The Fund seeks to track the performance of the Morningstar Developed Markets ex-US Large Cap Index which is designed to measure the performance of developed market large-capitalization stocks. Under normal circumstances, the fund generally invests in a representative sample of the securities comprising the index.",20260614,N,100.53300000,101.06000000,20260616,pd65n101.tday_clpr,,0.000000,101.99000000,1235610000.00,,100.92340000,2026-06-14 00:00:00,101.99000000,20260616,1879619.00000000,18557.00000000,BKIE,USD,AMX,ETF,US09661T4040,BKIE.K,BKIE.K,40229279,20200422,0E-8,12350000.00,US,BNY Mellon International Equity ETF,1,USD,0,1493580,101.06000000,18557.00000000,,Equity,Global Ex US,20260614
Fidelity US Low Volatility Factor TR USD,0.150000,,Fidelity Management & Research Company LLC,Optimized,Y,,,"The Fund seeks to provide investment returns that correspond to the performance of the Fidelity U.S. Low Volatility Factor Index. The Fidelity U.S. Low Volatility Factor Index, which is designed to reflect the performance of stocks of large and mid-capitalization US companies with lower volatility than the broader market.",20260614,N,69.31000000,69.65000000,20260616,pd65n101.tday_clpr,,0.000000,69.82500000,1390070000.00,,69.52970000,2026-06-14 00:00:00,69.70000000,20260616,1906796.00000000,27358.00000000,FDLO,USD,AMX,ETF,US3160928244,FDLO.K,FDLO.K,40216583,20160912,0E-8,20061945.00,US,Fidelity Low Volatility Factor ETF,1,USD,0,945908,69.65000000,27358.00000000,,Equity,United States of America,20260614
Index is not provided by Management Company,0.990000,,Tidal Investments LLC,,,,,"The Fund seeks to have current income and its second objective is to seek exposure to the share price of VanEck Gold Miners ETF, subject to a limit on potential investment gains. The Fund is an actively-managed ETF that uses a synthetic covered call strategy to provide income and indirect exposure to the share price.",20260614,N,10.94000000,11.45000000,20260616,pd65n101.tday_clpr,,0.000000,11.63400000,231900000.00,,11.37000000,2026-06-14 00:00:00,11.45000000,20260616,9003808.00000000,783640.00000000,GDXY,USD,AMX,ETF,US88634T8817,GDXY.K,GDXY.K,40301540,20240520,0E-8,21175000.00,US,YieldMax Gold Miners Option Income Strategy ETF,1,USD,0,1924868,11.45000000,783640.00000000,,Alternatives,United States of America,20260614
MSCI Thailand IMI 25/50 NR USD,0.590000,,BlackRock Fund Advisors,Optimized,Y,,,The Fund seeks to track the investment results of a broad-index composed of Thai equities. The Fund invests at least 90% of its assets in the component securities of the Underlying Index and in investments that have economic characteristics that are substantially identical to the component securities of the index.,20260614,N,72.81520000,73.25000000,20260616,pd65n101.tday_clpr,,0.000000,73.36000000,356700000.00,74.312500,73.04000000,2026-06-14 00:00:00,73.23000000,20260616,3303437.00000000,45130.00000000,THD,USD,AMX,ETF,US4642866242,THD,THD,40119502,20080326,0E-8,4800000.00,US,iShares MSCI Thailand ETF,1,USD,0,930667,73.25000000,45130.00000000,,Equity,Thailand,20260614
Index is not provided by Management Company,0.500000,,PGIM Investments LLC,,,,,"The Fund seeks to provide investors with returns that match the price return of the SPDR S&P 500 ETF Trust up to a predetermined upside cap of 11.97% over the period February 1, 2024 through January 31, 2025, while providing a downside buffer against its first 20% losses over the one year Target Outcome Period.",20260614,N,31.68990000,31.91780000,20260616,pd65n101.tday_clpr,,0.000000,31.77000000,35560000.00,,31.74800000,2026-06-14 00:00:00,31.77000000,20260613,50961.00000000,1605.00000000,PBFB,USD,AMX,ETF,US69420N4034,PBFB.K,PBFB.K,40301037,20240131,0E-8,1120401.00,US,PGIM S&P 500 Buffer 20 ETF - February,1,USD,0,1992104,31.74800000,1605.00000000,,Alternatives,United States of America,20260614
Index is not provided by Management Company,0.750000,,Themes Management Company LLC,,,,,The Fund seeks daily levered investment result of (200%) of the daily performance of the publicly traded common stock of Ciena Corporation. The Fund invests at least 80% of its net assets in the Underlying Security and financial instruments with economic characteristics that provides exposure to the price of the CIEN.,20260614,N,8.12000000,8.76000000,20260616,pd65n101.tday_clpr,,0.000000,9.30000000,19800000.00,,8.18010000,2026-06-14 00:00:00,9.16000000,20260616,11139515.00000000,1289301.00000000,CIEG,USD,AMX,ETF,US88340C4463,CIEG.K,CIEG.K,40306754,20260511,0E-8,2440000.00,US,Leverage Shares 2X Long CIEN Daily ETF,1,USD,0,1976322,8.76000000,1289301.00000000,,Alternatives,United States of America,20260614
Index is not provided by Management Company,0.440000,,Massachusetts Financial Services Co,,,,,"The Fund seeks capital appreciation. MFS normally invests at least 80% of the funds net assets in equity securities of issuers that are tied economically to emerging market countries. The Fund pays transaction costs, such as commissions, when it buys and sells securities or turns over its portfolio.",20260614,N,27.04800000,27.99500000,20260616,pd65n101.tday_clpr,,0.000000,27.19500000,26290000.00,,27.17000000,2026-06-14 00:00:00,27.17000000,20260613,11252.00000000,414.00000000,BREE,USD,NYS,ETF,US55286W8846,BREE.K,BREE.K,40306096,20260305,0E-8,975000.00,US,MFS Blended Research Emerging Markets Equity ETF,1,USD,0,2018846,27.19500000,414.00000000,,Equity,Global Emerging Markets,20260614
Index is not provided by Management Company,0.890000,,Innovator Capital Management LLC,,,,,The Fund seeks to provide capital appreciation while seeking to limit the amount of losses experienced by investors. The Fund will invest at least 80% of its net assets in equity securities and option contracts that give economic exposure to equity securities of companies located in international developed markets.,20260614,N,53.06280000,53.34280000,20260616,pd65n101.tday_clpr,,0.000000,53.48000000,68490000.00,,53.33000000,2026-06-14 00:00:00,53.33000000,20260616,393900.00000000,7375.00000000,IFLR,USD,AMX,ETF,US45784N3879,IFLR.K,IFLR.K,40305135,20251119,0E-8,1300000.00,US,Innovator International Developed Managed Flr ETF,1,USD,0,1415726,53.34280000,7375.00000000,,Alternatives,Global Ex US,20260614
Bloomberg US MBS Float Adjusted TR USD,0.020000,,"Vanguard Capital Management, LLC",Optimized,Y,,,The Fund seeks to track the performance of a market-weighted mortgage-backed securities index. The Fund employs an indexing approach to track the Bloomberg Barclays US MBS Float Adjusted Index. The Fund invests by sampling the Index and at least 80% of the Funds assets will be invested in bonds included in the Index.,20260614,N,46.68000000,46.77000000,20260616,pd65n101.tday_clpr,,0.000000,46.85000000,15415720000.00,,46.74000000,2026-06-14 00:00:00,46.74000000,20260616,43608818.00000000,931824.00000000,VMBS,USD,NAS,ETF,US92206C7719,VMBS.O,VMBS.O,40179369,20091119,0E-8,331734934.00,US,Vanguard Mortgage-Backed Secs Idx Fund;ETF,1,USD,0,1021882,46.77000000,931824.00000000,,Bond,United States of America,20260614
Motley Fool Value USD,0.500000,,Motley Fool Asset Management LLC,Optimized,Y,,,"The Fund seeks investment results that correspond before fees and expenses generally to the total return performance of the Motley Fool Value Index. The Fund pays transaction costs, such as commissions, when it buys and sells securities. the Fund invests at least 80% of the Value Funds total assets.",20260614,N,20.24620000,20.27450000,20260616,pd65n101.tday_clpr,,0.000000,20.41000000,7280000.00,,20.26200000,2026-06-14 00:00:00,20.31000000,20260616,72443.00000000,3558.00000000,MFVL,USD,NAS,ETF,US74938Y8755,MFVL.O,MFVL.O,40305260,20251208,0E-8,360000.00,US,Motley Fool Value Factor ETF,1,USD,0,831114,20.27450000,3558.00000000,,Equity,United States of America,20260614
Index is not available on Lipper Database,0.250000,,Van Eck Associates Corp,Optimized,Y,,,"The Fund seeks to track, as closely as possible, the performance of the MVIS Moody's Analytics US BBB Corporate Bond Index, which is comprised of US dollar-denominated corporate bonds that have a BBB rating. The Fund normally invests at least 80% of its total assets in securities that comprise the Index.",20260614,N,21.35040000,21.37340000,20260616,pd65n101.tday_clpr,,0.000000,21.40000000,5330000.00,21.320000,21.37000000,2026-06-14 00:00:00,21.40000000,20260616,41380.00000000,1935.00000000,MBBB,USD,AMX,ETF,US92189H8549,MBBB.K,MBBB.K,40231073,20201201,0E-8,250000.00,US,VanEck Moody's Analytics BBB Corporate Bond ETF,1,USD,0,1137360,21.37340000,1935.00000000,,Bond,United States of America,20260614
EQM Global Cannabis USD,0.070000,,Amplify Investments LLC,,,,,"The Fund seeks to provide investors capital appreciation. Under normal market conditions, the Fund will invest at least 80% of its net assets in the securities of US companies that derive 50% or more of their revenue from the cannabis and hemp ecosystem and in derivatives that have same economic characteristics.",20260614,N,29.19000000,28.80770000,20260616,pd65n101.tday_clpr,,0.000000,29.76000000,88160000.00,,28.66500000,2026-06-14 00:00:00,29.76000000,20260616,248227.00000000,8505.00000000,CNBS,USD,AMX,ETF,US0321084826,CNBS.K,CNBS.K,40226964,20190723,0E-8,2987467.00,US,Amplify Seymour Cannabis ETF,1,USD,0,1633061,28.80770000,8505.00000000,,Equity,Global,20260614
Index is not provided by Management Company,0.990000,,Roundhill Financial Inc,,,,,"The Fund seeks to pay weekly distributions as the primary investment objective. The Funds secondary investment objective is to provide calendar week returns, that correspond to 1.2 times (120%) the calendar week total return of common shares of UnitedHealth Group Incorporated and utilize UNH as the reference asset.",20260614,N,53.07410000,53.58000000,20260616,pd65n101.tday_clpr,,0.000000,54.23000000,4810000.00,,51.11000000,2026-06-14 00:00:00,51.75000000,20260616,2117729.00000000,40205.00000000,UNHW,USD,AMX,ETF,US77926X5445,UNHW.K,UNHW.K,40305258,20251202,0E-8,90000.00,US,Roundhill UNH WeeklyPayTM ETF,1,USD,0,1976517,53.58000000,40205.00000000,,Alternatives,United States of America,20260614
Index is not available on Lipper Database,0.250000,,Charles Schwab Investment Management Inc,Optimized,Y,,,"The Fund seeks to track as closely as possible, before fees and expenses, the total return of an index that measures the performance of large U.S. companies based on their fundamental size and weight. The fund generally invests in stocks that are included in the RAFI Fundamental High Liquidity US Large Index",20260614,N,31.30000000,31.43000000,20260616,pd65n101.tday_clpr,,0.000000,31.55000000,25939340000.00,,31.40000000,2026-06-14 00:00:00,31.47900000,20260616,69554456.00000000,2207943.00000000,FNDX,USD,AMX,ETF,US8085247711,FNDX.K,FNDX.K,40204683,20130814,0E-8,828750000.00,US,Schwab Fundamental US Large Company ETF,1,USD,0,1454889,31.43000000,2207943.00000000,,Equity,United States of America,20260614
MSCI AC World TR USD,0.780000,,Rareview Capital LLC,,,,,"The Fund seeks returns that exceed global developed and emerging markets equities. The Fund is an actively managed ETF that seeks to achieve its investment objective by investing in ETFs that primarily invest in equity securities of domestic, foreign or emerging market issuers of any market capitalization.",20260614,N,39.01300000,39.90300000,20260616,pd65n101.tday_clpr,,0.000000,40.09000000,71950000.00,,39.88000000,2026-06-14 00:00:00,39.91000000,20260616,178687.00000000,4469.00000000,RSEE,USD,AMX,ETF,US19423L5407,RSEE.K,RSEE.K,40233516,20220119,0E-8,1845000.00,US,Rareview Systematic Equity ETF,1,USD,0,1719812,39.90300000,4469.00000000,,Alternatives,Global,20260614
Index is not available on Lipper Database,0.180000,,Invesco Capital Management LLC,Optimized,Y,,,"The Fund seeks to track the investment results of the Invesco BulletShares Municipal Bond 2029 Index. The Fund generally invests at least 80% of its assets in the Index, designed to measure the performance of a portfolio of US dollar-denominated investment-grade municipal bonds with maturities in the year 2029.",20260614,N,23.07000000,23.10500000,20260616,pd65n101.tday_clpr,,0.000000,23.13990000,276470000.00,,23.10010000,2026-06-14 00:00:00,23.13000000,20260616,1395357.00000000,60362.00000000,BSMT,USD,NAS,ETF,US46138J4783,BSMT.O,BSMT.O,40227708,20190925,0E-8,12000001.00,US,Invesco BulletShares 2029 Municipal Bond ETF,1,USD,0,1657201,23.10500000,60362.00000000,,Bond,United States of America,20260614
ICE U.S. Treasury Inflation Linked Bd 0-5Y TR USD,0.030000,,BlackRock Fund Advisors,Optimized,Y,,,The Fund seeks investment results that correspond generally to the price and yield performance of the Barclays Capital U.S. Treasury Inflation-Protected Securities 0-5 Years Index.  The Index measures the performance of the inflation-protected public obligations of the U.S. Treasury.,20260614,N,102.38000000,102.42000000,20260616,pd65n101.tday_clpr,,0.000000,102.44500000,15929400000.00,,102.35000000,2026-06-14 00:00:00,102.38000000,20260616,70565619.00000000,689185.00000000,STIP,USD,AMX,ETF,US46429B7477,STIP.K,STIP.K,40187680,20101201,0E-8,155850000.00,US,iShares 0-5 Year TIPS Bond ETF,1,USD,0,1100663,102.42000000,689185.00000000,,Bond,United States of America,20260614
Index is not provided by Management Company,0.230000,,Dimensional Fund Advisors LP,,,,,"The Fund seeks to achieve long-term capital appreciation. Under normal circumstances, the fund will invest in emerging market equity investments. To achieve the investment objective, Advisor implements an integrated investment approach that combines research, portfolio design, portfolio management, and trading functions.",20260614,N,81.06000000,83.85000000,20260616,pd65n101.tday_clpr,,0.000000,84.07000000,324830000.00,,83.50560000,2026-06-14 00:00:00,83.76000000,20260616,922080.00000000,10995.00000000,DEXC,USD,AMX,ETF,US25434V5342,DEXC.K,DEXC.K,40302109,20241113,0E-8,4050000.00,US,Dimensional Emerging Markets ex China Cr Eqty ETF,1,USD,0,1816125,83.85000000,10995.00000000,,Equity,Global Emerging Markets,20260614
Bloomberg US Universal Float Adjusted USD,0.030000,,"Vanguard Capital Management, LLC",Full,Y,,,"The Fund seeks to track the performance of a broad, market-weighted bond index. The Fund invests at least 80% of its net assets, plus the amount of any borrowings for investment purposes, in the bonds that make up the Target Index. The Fund invests by sampling its Target Index and buys and sells securities.",20260614,N,74.10000000,74.18000000,20260616,pd65n101.tday_clpr,,0.000000,74.31000000,117020000.00,,74.18000000,2026-06-14 00:00:00,74.31000000,20260616,278226.00000000,3747.00000000,BNDP,USD,NAS,ETF,US9219138693,BNDP.O,BNDP.O,40305282,20251202,0E-8,1725000.00,US,Vanguard Core-Plus Bond Index ETF,1,USD,0,799127,74.18000000,3747.00000000,,Bond,Global,20260614
MVIS Global Clean-Tech Metals TR USD,0.590000,,Van Eck Associates Corp,Optimized,Y,,,"The Fund seeks to track as closely as possible the price and yield performance of the MVIS Global Clean-Tech Metals Index. The Index is a global index that tracks the performance of Green Metals Companies. Green Metals Companies are companies involved in the production, refining, processing and recycling of green metals.",20260614,N,44.30940000,45.82650000,20260616,pd65n101.tday_clpr,,0.000000,46.35000000,36370000.00,45.462500,45.80500000,2026-06-14 00:00:00,46.16000000,20260616,147836.00000000,3210.00000000,GMET,USD,AMX,ETF,US92189Y2046,GMET.K,GMET.K,40233340,20211109,0E-8,800000.00,US,VanEck Green Metals ETF,1,USD,0,1137360,45.82650000,3210.00000000,,Equity,Global,20260614
Index is not provided by Management Company,0.700000,,Hexis Capital Management Ltd,,,,,The Fund seeks long-term capital appreciation. The Fund invests at least 80% of its net assets in companies that have at least 50% of their revenue attributable to the global tobacco and nicotine sectors. The Funds investments in Tobacco/Nicotine Companies will primarily be in the form of direct equity investments.,20260614,N,26.18480000,25.93420000,20260616,pd65n101.tday_clpr,,0.000000,25.95500000,1560000.00,26.000000,25.93420000,2026-06-14 00:00:00,25.95500000,20260616,2621.00000000,101.00000000,NICO,USD,AMX,ETF,US81752T3876,NICO.K,NICO.K,40306604,20260505,0E-8,60000.00,US,Hexis Active Nicotine Engagement ETF,1,USD,0,1650149,25.93420000,101.00000000,,Equity,Global Emerging Markets,20260614
MSCI ACWI EX US IMI NR,0.070000,,BlackRock Fund Advisors,Optimized,Y,,,"The Fund seeks investment results that correspond to the price and yield performance of the MSCI ACWI ex USA Investable Market Index. The Underlying Index is a free float-adjusted market capitalization index to measure the combined equity market performance of developed and emerging markets countries, excluding the US.",20260614,N,95.13690000,96.55000000,20260616,pd65n101.tday_clpr,,0.000000,96.93000000,58355620000.00,,96.39000000,2026-06-14 00:00:00,96.87000000,20260616,387985073.00000000,4017509.00000000,IXUS,USD,NAS,ETF,US46432F8344,IXUS.O,IXUS.O,40201018,20121018,0E-8,606000000.00,US,iShares Core MSCI Total International Stock ETF,1,USD,0,1100663,96.55000000,4017509.00000000,,Equity,Global Ex US,20260614
MSCI EM (Emerging Markets) Small Cap NR USD,0.720000,,BlackRock Fund Advisors,Optimized,Y,,,The Fund seeks to track the investment results of an index composed of small-capitalization emerging market equities. The Fund generally will invest at least 90% of its assets in the component securities of the Underlying Index and in investments that have economic characteristics similar to such securities.,20260614,N,76.00210000,77.88000000,20260616,pd65n101.tday_clpr,,0.000000,77.98000000,384010000.00,76.802000,77.73500000,2026-06-14 00:00:00,77.82000000,20260616,407268.00000000,5229.00000000,EEMS,USD,AMX,ETF,US4642864759,EEMS.K,EEMS.K,40118466,20110816,0E-8,5000000.00,US,iShares MSCI Emerging Markets Small-Cap ETF,1,USD,0,930667,77.88000000,5229.00000000,,Equity,Global Emerging Markets,20260614
Index is not provided by Management Company,1.050000,,Tuttle Capital Management LLC,,,,,"The Fund seeks daily investment results of 200% of the daily performance of DJT. The Fund, normally, plus any borrowings for investment purposes, invests in swap agreements that provide 200% daily exposure to DJT equal to at least 80% of its net assets and without regard to overall market movement of DJT.",20260614,N,1.01000000,1.18000000,20260616,pd65n101.tday_clpr,,0.000000,1.21000000,10370000.00,,1.09000000,2026-06-14 00:00:00,1.09000000,20260616,1291450.00000000,1112443.00000000,DJTU,USD,AMX,ETF,US26923N3145,DJTU.K,DJTU.K,40303267,20250303,0E-8,10250000.00,US,T-REX 2X Long DJT Daily Target ETF,1,USD,0,1771146,1.18000000,1112443.00000000,,Alternatives,United States of America,20260614
Index is not available on Lipper Database,0.490000,,BlackRock Fund Advisors,Optimized,Y,,,"The Fund seeks investment result that correspond to the price and yield performance of Dow Jones Asia/Pacific Select Dividend 30 Index. The Index measures the performance of high dividend paying companies in Australia, Hong Kong, New Zealand, and Singapore.",20260614,N,48.78200000,48.70600000,20260616,pd65n101.tday_clpr,,0.000000,48.96000000,69680000.00,,48.68200000,2026-06-14 00:00:00,48.96000000,20260616,428980.00000000,8780.00000000,DVYA,USD,AMX,ETF,US4642862936,DVYA.K,DVYA.K,40197082,20120223,0E-8,1400000.00,US,iShares Asia/Pacific Dividend ETF,1,USD,0,930667,48.70600000,8780.00000000,,Equity,Asia Pacific,20260614
Index is not provided by Management Company,0.790000,,Innovator Capital Management LLC,,,,,The Fund seeks to provide capital appreciation while seeking to limit the amount of losses experienced by investors. The Fund will invest its assets (including borrowings for investment purposes) in equity securities and option contracts that give economic exposure to equity securities of US small cap companies.,20260614,N,26.45850000,26.51000000,20260616,pd65n101.tday_clpr,,0.000000,26.59000000,7930000.00,,26.50000000,2026-06-14 00:00:00,26.59000000,20260616,259087.00000000,9760.00000000,KBFR,USD,AMX,ETF,US45784N2624,KBFR.K,KBFR.K,40306004,20260223,0E-8,300000.00,US,Innovator US Small Cap Managed 10 Buffer ETF,1,USD,0,1415726,26.51000000,9760.00000000,,Alternatives,United States of America,20260614
Index is not provided by Management Company,0.330000,,Janus Henderson Investors US LLC,,,,,"The Fund seeks current income with a focus on preservation of capital. The Fund pursues its investment objective by investing at least 80% of its net assets in asset-backed securities (ABS). Under normal market conditions, the Fund primarily invests a substantial portion of its assets in ABS rated A- or higher.",20260614,N,49.99500000,50.00000000,20260616,pd65n101.tday_clpr,,0.000000,50.02990000,134730000.00,49.900000,49.98000000,2026-06-14 00:00:00,49.98000000,20260616,39555.00000000,791.00000000,JABS,USD,AMX,ETF,US47103U6881,JABS.K,JABS.K,40304100,20250722,0E-8,2700000.00,US,Janus Henderson Asset-Backed Securities ETF,1,USD,0,1500604,50.00000000,791.00000000,,Bond,United States of America,20260614
BlackRock iBonds 1-5 Year TIPS Ladder TR USD,0.000000,,BlackRock Fund Advisors,Optimized,Y,,,The Fund seeks to track the investment results of an index composed of a portfolio of underlying iShares iBonds TIPS ETFs with maturities less than six years. iShares iBonds 1-5 Year TIPS Ladder ETF is a fund of funds and seeks to track the investment results of the BlackRock iBonds 1-5 Year TIPS Ladder Index.,20260614,N,25.61500000,25.64000000,20260616,pd65n101.tday_clpr,,0.000000,25.64000000,20990000.00,,25.63000000,2026-06-14 00:00:00,25.64000000,20260616,246427.00000000,9613.00000000,LDRI,USD,AMX,ETF,US46438G5137,LDRI.K,LDRI.K,40302568,20241107,0E-8,820000.00,US,iShares iBonds 1-5 Year TIPS Ladder ETF,1,USD,0,1100663,25.64000000,9613.00000000,,Bond,United States of America,20260614
S&P 1000 TR,0.800000,,First Trust Advisors LP,,,,,"The Fund seeks to provide capital appreciation. Under normal market conditions, the Fund seeks to achieve its investment objective by investing at least 80% of its net assets in small- and/or mid-cap common stocks listed and traded on US national securities exchanges that exhibit low future expected volatility.",20260614,N,37.97580000,37.72130000,20260616,pd65n101.tday_clpr,,0.000000,37.95000000,32280000.00,,37.72130000,2026-06-14 00:00:00,37.95000000,20260616,25692.00000000,677.00000000,HSMV,USD,AMX,ETF,US33741Y1001,HSMV.K,HSMV.K,40229461,20200406,0E-8,850002.00,US,First Trust Horizon Managed Vol Small/Mid ETF,1,USD,0,1424212,37.72130000,677.00000000,,Equity,United States of America,20260614
Amazon.com Inc.,0.750000,,Rafferty Asset Management LLC,,,,,"The Fund seeks daily investment results, before fees and expenses, of 200% of the daily performance of AMZN. The Fund, under normal circumstances, invests at least 80% of its net assets in the securities of AMZN and financial instruments, such as swap agreements and options, that provide leveraged exposure to AMZN.",20260614,N,33.94000000,36.09000000,20260616,pd65n101.tday_clpr,,0.000000,36.56000000,280920000.00,,35.70000000,2026-06-14 00:00:00,35.80000000,20260616,96967466.00000000,2687783.00000000,AMZU,USD,NAS,ETF,US25461A8586,AMZU.O,AMZU.O,40235357,20220906,0E-8,8275001.00,US,Direxion Daily AMZN Bull 2X ETF,1,USD,0,1424958,36.09000000,2687783.00000000,,Alternatives,Global,20260614
Russell 3000 TR,0.140000,,Vanguard Portfolio Management LLC,,,,,"The Fund seeks to provide long-term capital appreciation by investing in stocks with relatively strong recent performance, strong fundamentals, and low prices relative to fundamentals as determined by the advisor. At least 80% of the Fund's assets will be invested in securities issued by US companies.",20260614,N,176.79260000,175.97000000,20260616,pd65n101.tday_clpr,,0.000000,178.19000000,642750000.00,,175.97000000,2026-06-14 00:00:00,178.19000000,20260616,5294201.00000000,29858.00000000,VFMF,USD,AMX,ETF,US9219356071,VFMF.K,VFMF.K,40223321,20180213,0E-8,3810000.00,US,Vanguard US Multifactor ETF,1,USD,0,105563,175.97000000,29858.00000000,,Equity,United States of America,20260614
Ruk Strategic Growth USD,0.500000,,Sound Capital Solutions LLC,Full,Y,,,"""The Fund seeks to track total return performance, before fees and expenses, of the Ruk Strategic Growth Index (the """"Index""""). The Fund invests at least 80% of its net assets in the securities comprising the Index and in investments that have economic characteristics similar to the securities comprising the Index.""",20260614,N,27.09190000,27.43310000,20260616,pd65n101.tday_clpr,,0.000000,27.48000000,2160000.00,27.000000,27.43310000,2026-06-14 00:00:00,27.48000000,20260616,3682.00000000,134.00000000,RKSG,USD,AMX,ETF,US00777X4135,RKSG.K,RKSG.K,40306512,20260406,0E-8,80000.00,US,Ruk Strategic Growth ETF,1,USD,0,1970751,27.43310000,134.00000000,,Equity,United States of America,20260614
S&P SmallCap 600 Growth TR,0.150000,,SSGA Funds Management Inc,Optimized,Y,,,"The Fund seeks to approximate, before expenses, the investment results of the Dow Jones Small Cap Growth Index.  When possible will generally invest in all component stocks of the Index proportionate to their Index weightings.",20260614,N,112.85000000,113.84000000,20260616,pd65n101.tday_clpr,,0.000000,114.60000000,4898300000.00,,113.50500000,2026-06-14 00:00:00,114.15000000,20260616,9910338.00000000,86995.00000000,SLYG,USD,AMX,ETF,US78464A2015,SLYG.K,SLYG.K,40061339,20000925,0E-8,43400028.00,US,State Street SPDR S&P 600 Small Cap Growth ETF,1,USD,0,1064642,113.84000000,86995.00000000,,Equity,United States of America,20260614
Index is not provided by Management Company,0.250000,,Krane Funds Advisors LLC,,,,,The Fund seeks to provide investors with returns that match the total return of the KraneShares CSI China Internet ETF (Underlying ETF) of increases of up to 41.20% (Cap) while providing a Buffer against 90% of decreases in the total return (Buffer). It invests in the Underlying ETF & options including FLEX options.,20260614,N,26.77360000,26.78000000,20260616,pd65n101.tday_clpr,,0.000000,26.80000000,6000000.00,,26.78000000,2026-06-14 00:00:00,26.80000000,20260616,29208.00000000,1090.00000000,KBUF,USD,AMX,ETF,US5007674139,KBUF.K,KBUF.K,40301056,20240207,0E-8,225002.00,US,KraneShares 90% KWEB Defined Outcome Jan 2027 ETF,1,USD,0,1547576,26.78000000,1090.00000000,,Alternatives,China,20260614
Index is not provided by Management Company,0.850000,,Summit Global Investments LLC,,,,,"The Fund seeks to provide long-term capital appreciation. The Fund seeks to achieve its objective by investing at least 80% of the net assets of the portfolio in securities of large-capitalization companies, which the Fund considers to be those companies listed within the Russell 1000 Index or S&P 500 Index.",20260614,N,43.07090000,43.81290000,20260616,pd65n101.tday_clpr,,0.000000,43.96000000,191330000.00,,43.66480000,2026-06-14 00:00:00,43.66480000,20260616,483764.00000000,11023.00000000,SGLC,USD,AMX,ETF,US74933W5931,SGLC.K,SGLC.K,40236331,20230330,0E-8,4440000.00,US,SGI US Large Cap Core ETF,1,USD,0,831114,43.81290000,11023.00000000,,Equity,United States of America,20260614
MSCI USA Small Cap Minimum Volatility TR USD,0.200000,,BlackRock Fund Advisors,Optimized,Y,,,"The Fund seeks to track the investment results of an index composed of small-capitalization US equities that, in the aggregate, have lower volatility characteristics relative to the small-capitalization US equity market. The Fund seeks to track the investment results of the MSCI USA Small Cap Minimum Volatility (USD).",20260614,N,44.84890000,44.73000000,20260616,pd65n101.tday_clpr,,0.000000,45.09000000,283920000.00,,44.66010000,2026-06-14 00:00:00,45.09000000,20260616,270181.00000000,6034.00000000,SMMV,USD,AMX,ETF,US46435G4331,SMMV.K,SMMV.K,40216566,20160907,0E-8,6300000.00,US,iShares MSCI USA Small-Cap Min Vol Factor ETF,1,USD,0,1100663,44.73000000,6034.00000000,,Equity,United States of America,20260614
Index is not provided by Management Company,0.890000,,Tidal Investments LLC,,,,,"The Fund seeks current income. The Fund is an actively managed exchange-traded fund (ETF) that seeks income while providing exposure to the price returns of select U.S. listed equity securities, subject to a dampening of potential investment gains, while also seeking to hedge against significant market downturns.",20260614,N,41.64520000,43.37700000,20260616,pd65n101.tday_clpr,,0.000000,43.50000000,58220000.00,,42.48000000,2026-06-14 00:00:00,42.48000000,20260616,446676.00000000,10327.00000000,EGGS,USD,AMX,ETF,US45259A7954,EGGS.K,EGGS.K,40302915,20241226,0E-8,1400000.00,US,NestYield Total Return Guard ETF,1,USD,0,1722388,43.37700000,10327.00000000,,Alternatives,United States of America,20260614
Index is not provided by Management Company,0.380000,,Massachusetts Financial Services Co,,,,,"The Fund seeks capital appreciation and seeks to achieve the fund's objective by actively identifying potential investments and normally invests at least 80% of the funds net assets in value companies such as foreign equity securities, including emerging market equity securities. The fund pays transaction costs.",20260614,N,25.33710000,25.31040000,20260616,pd65n101.tday_clpr,,0.000000,25.46000000,15710000.00,25.136000,25.31040000,2026-06-14 00:00:00,25.37000000,20260616,194812.00000000,7679.00000000,MIVL,USD,AMX,ETF,US55286W1163,MIVL.K,MIVL.K,40306962,20260603,0E-8,625000.00,US,MFS Active International Value ETF,1,USD,0,2018846,25.31040000,7679.00000000,,Equity,Global Ex US,20260614
ICE Diver US Cash Pay HY Energy TR USD,0.350000,,Bondbloxx Investment Management Corp,Optimized,Y,,,"The Fund seeks to track the investment results of the ICE Diversified US Cash Pay High Yield Energy Index, which consists of US dollar-denominated high yield corporate bonds that contains issuers from the energy sector, including the exploration & production, gas distribution, and oil refining & marketing sub-sectors.",20260614,N,39.19180000,39.10500000,20260515,pd65n101.tday_clpr,,,39.17000000,5960000.00,,39.10500000,2026-06-14 00:00:00,39.17000000,20260516,5797.00000000,148.00000000,XHYE,USD,AMX,ETF,US0978901074,XHYE.K,XHYE.K,40234017,20220215,0E-8,152500.00,US,BondBloxx USD HY Bond Energy Sctr ETF,1,USD,0,1879238,39.10500000,148.00000000,,Bond,United States of America,20260614
S&P Pharmaceuticals Select Industry TR,0.350000,,SSGA Funds Management Inc,Optimized,Y,,,"The Fund seeks to replicate the performance of an index derived from the pharmaceuticals segment of a U.S. total market composite index.  The Fund uses a passive management strategy designed to track the total return performance of the S&P Pharmaceuticals Select Industry Index, which is comprised of 21 stocks.",20260614,N,60.27000000,60.31000000,20260616,pd65n101.tday_clpr,,0.000000,60.86000000,364970000.00,,60.17000000,2026-06-14 00:00:00,60.80000000,20260616,4372299.00000000,72309.00000000,XPH,USD,AMX,ETF,US78464A7220,XPH,XPH,40111241,20060619,0E-8,6050270.00,US,State Street SPDR S&P Pharmaceuticals ETF,1,USD,0,1064642,60.31000000,72309.00000000,,Equity,United States of America,20260614
DORSEY WRIGHT TECHNICAL LEADERS CONS CYC TR USD,0.240000,,Invesco Capital Management LLC,Optimized,Y,,,The Fund seeks investment results that correspond generally to the price and yield (before the Fund's fees and expenses) of an equity index called the Dynamic Consumer Discretionary Sector Intellidex Index.  The Fund will normally invest at least 80% of its total assets in common stocks of consumer companies.,20260614,N,102.65280000,103.66130000,20260616,pd65n101.tday_clpr,,0.000000,103.57500000,23820000.00,,102.89000000,2026-06-14 00:00:00,102.89000000,20260613,52268.00000000,508.00000000,PEZ,USD,NAS,ETF,US46137V8037,PEZ.O,PEZ.O,40109154,20061012,0E-8,230000.00,US,Invesco Dorsey Wright Consumer Cyclicals Mo ETF,1,USD,0,1209466,103.57500000,508.00000000,,Equity,United States of America,20260614
Index is not provided by Management Company,0.390000,,Eventide Asset Management LLC,,,,,"The Fund seeks long-term capital appreciation and achieve its investment objective by investing primarily in the equity securities of US small-capitalization companies. Under normal market conditions, the Fund invests at least 80% of its assets which considers with a market capitalization of less than $20 billion.",20260614,N,30.38000000,30.43000000,20260616,pd65n101.tday_clpr,,0.000000,30.71000000,28180000.00,,30.42000000,2026-06-14 00:00:00,30.71000000,20260616,141862.00000000,4660.00000000,ESSC,USD,AMX,ETF,US86280R1344,ESSC.K,ESSC.K,40304818,20250929,0E-8,930000.00,US,Eventide Small Cap ETF,1,USD,0,1506213,30.43000000,4660.00000000,,Equity,United States of America,20260614
Index is not provided by Management Company,0.750000,,Themes Management Company LLC,,,,,"The Fund seeks to provide approximately twice (2x) the positive share price return of Palantir Technologies Inc. (PLTR or the Underlying Stock) up to an approximate upside limit, while seeking to approximately track the negative share price return of the Underlying Stock, over each full calendar month.",20260614,N,13.27690000,13.95940000,20260616,pd65n101.tday_clpr,,0.000000,13.95940000,530000.00,13.250000,13.50000000,2026-06-14 00:00:00,13.50000000,20260616,8371.00000000,616.00000000,PLOO,USD,AMX,ETF,US88340C5031,PLOO.K,PLOO.K,40304390,20250812,0E-8,40000.00,US,Leverage Shares 2x Capped Acc PLTR Monthly ETF,1,USD,0,1976322,13.95940000,616.00000000,,Alternatives,United States of America,20260614
NYSE FactSet Gbl Atnms Drvng and Elec Vhcl NR USD,0.470000,,BlackRock Fund Advisors,Optimized,Y,,,"The Fund seeks to track the investment results of the NYSE FactSet Global Autonomous Driving and Electric Vehicle Index. The Index is composed of developed and emerging market companies that may benefit from growth and innovation in and around electric vehicles, battery technologies and autonomous driving technologies.",20260614,N,41.22730000,42.10000000,20260616,pd65n101.tday_clpr,,0.000000,42.36000000,150030000.00,41.675000,42.04000000,2026-06-14 00:00:00,42.36000000,20260616,392140.00000000,9305.00000000,IDRV,USD,AMX,ETF,US46435U3665,IDRV.K,IDRV.K,40226254,20190416,0E-8,3600000.00,US,iShares Self-Driving EV and Tech ETF,1,USD,0,1100663,42.10000000,9305.00000000,,Equity,Global,20260614
Index is not provided by Management Company,0.470000,,Capital Research and Management Co,,,,,"The Fund seeks to provide prudent growth of capital and conservation of principal. Under normal market conditions, the fund will invest its assets in common stocks and other equity-type securities around the world that the adviser believes have the potential for growth, many of which have the potential to pay dividends.",20260614,N,34.21000000,34.78000000,20260616,pd65n101.tday_clpr,,0.000000,34.84000000,2761640000.00,,34.69000000,2026-06-14 00:00:00,34.79000000,20260616,13556714.00000000,389833.00000000,CGGE,USD,AMX,ETF,US14020R1077,CGGE.K,CGGE.K,40301075,20240625,0E-8,80884000.00,US,Capital Group Global Equity ETF,1,USD,0,2008374,34.78000000,389833.00000000,,Equity,Global,20260614
Index is not provided by Management Company,0.750000,,Themes Management Company LLC,,,,,"The Fund seeks daily levered investment results, before fees and expenses, of two times (200%) of the daily percentage change in the price of the common stock of SPOT. The Fund will invest in the Underlying Security to provide 200% daily leveraged exposure to the price of SPOT as the Funds investment objective.",20260614,N,6.89790000,6.86550000,20260616,pd65n101.tday_clpr,,0.000000,7.15220000,3880000.00,,6.81000000,2026-06-14 00:00:00,7.01000000,20260616,170403.00000000,24514.00000000,SPOG,USD,NAS,ETF,US88340C7508,SPOG.O,SPOG.O,40305130,20251114,0E-8,560000.00,US,Leverage Shares 2X Long SPOT Daily ETF,1,USD,0,1976322,6.86550000,24514.00000000,,Alternatives,United States of America,20260614
Lipper US Index - Equity Income Funds,0.540000,,T.Rowe Price Associates Inc,,,,,"The Fund seeks a high level of dividend income and long-term capital growth. The Fund will normally invest at least 80% of its assets in common stocks listed in the United States, with an emphasis on large-capitalization stocks that have a strong track record of paying dividends or that are believed to be undervalued.",20260614,N,50.49420000,50.70560000,20260616,pd65n101.tday_clpr,,0.000000,50.91000000,414660000.00,,50.70560000,2026-06-14 00:00:00,50.91000000,20260616,360690.00000000,7093.00000000,TEQI,USD,AMX,ETF,US87283Q2066,TEQI.K,TEQI.K,40230409,20200804,0E-8,8210000.00,US,T Rowe Price Equity Income ETF,1,USD,0,1795351,50.70560000,7093.00000000,,Equity,United States of America,20260614
ICE 0-3 Month US Treasury Securities TR USD,0.090000,,BlackRock Fund Advisors,Optimized,Y,,,"The Fund seeks to track the investment results of the ICE 0-3 Month US Treasury Securities Index, which is composed of US Treasury bonds with remaining maturities of less than or equal to three months. The Fund will invest at least 90% of its assets in the component securities of the Underlying Index.",20260614,N,100.51000000,100.53000000,20260616,pd65n101.tday_clpr,,0.000000,100.53000000,95184630000.00,,100.52000000,2026-06-14 00:00:00,100.52500000,20260616,2057558113.00000000,20468029.00000000,SGOV,USD,NYS,ETF,US46436E7186,SGOV.K,SGOV.K,40229731,20200526,0E-8,946950000.00,US,iShares 0-3 Month Treasury Bond ETF,1,USD,0,1100663,100.53000000,20468029.00000000,,Bond,United States of America,20260614
Bloomberg US 5-10 Yr Corporate Bond TR,0.030000,,Charles Schwab Investment Management Inc,Optimized,Y,,,"The Fund seeks total return of Bloomberg Barclays US 5-10 Year Corporate Bond Index which measures the performance of the intermediate-term US corporate bond market. The Fund invests at least 90% of its assets in the index which includes US investment grade, taxable corporate bonds with maturity of five to ten years.",20260614,N,22.58000000,22.60000000,20260616,pd65n101.tday_clpr,,0.000000,22.70000000,11453230000.00,,22.60000000,2026-06-14 00:00:00,22.63000000,20260616,28217634.00000000,1247104.00000000,SCHI,USD,AMX,ETF,US8085246986,SCHI.K,SCHI.K,40227009,20191010,0E-8,507000000.00,US,Schwab 5-10 Year Corporate Bond ETF,1,USD,0,1454889,22.60000000,1247104.00000000,,Bond,United States of America,20260614
NASDAQ US Rising Dividend Achievers TR USD,0.480000,,First Trust Advisors LP,Optimized,Y,,,The Fund seeks investment results that correspond generally to the price and yield (before the Fund's fees and expenses) of an index called the NASDAQ US Rising Dividend Achievers Index. The Fund normally invests at least 90% of its net assets in the common stock and depositary receipts that comprise the Index.,20260614,N,78.58000000,79.38000000,20260616,pd65n101.tday_clpr,,0.000000,79.87500000,23486420000.00,,79.29000000,2026-06-14 00:00:00,79.81000000,20260616,84384922.00000000,1060049.00000000,RDVY,USD,NAS,ETF,US33738R5063,RDVY.O,RDVY.O,40208019,20140106,0E-8,298850002.00,US,First Trust Rising Dividend Achievers ETF,1,USD,0,1552740,79.38000000,1060049.00000000,,Equity,United States of America,20260614
Index is not provided by Management Company,0.650000,,Sanjac Alpha LP,,,,,"The Fund seeks current income and total returns consistent with limited volatility and the preservation of capital. The Fund invest in a portfolio of income-oriented instruments principally consisting of investment-grade U.S. corporate and government debt obligations, mortgage-backed securities and preferred stocks.",20260614,N,25.11500000,25.05500000,20260616,pd65n101.tday_clpr,,0.000000,25.08000000,7530000.00,25.100000,24.91000000,2026-06-14 00:00:00,25.08000000,20260616,5373.00000000,215.00000000,SJCP,USD,NAS,ETF,US56170L6873,SJCP.O,SJCP.O,40302191,20240909,0E-8,300000.00,US,SanJac Alpha Core Plus Bond ETF,1,USD,0,1359057,25.05500000,215.00000000,,Bond,United States of America,20260614
Index is not provided by Management Company,0.750000,,Tidal Investments LLC,,,,,"The Fund seeks to provide long-term total returns. The Fund will also invest at least 80% of its net assets plus the amount of borrowings, in the equity securities of companies expected to benefit from shifts in the regulatory environment that are supportive of free market dynamics as determined by the Sub-Advisers.",20260614,N,21.87410000,22.16000000,20260616,pd65n101.tday_clpr,,0.000000,22.32500000,14440000.00,,22.16000000,2026-06-14 00:00:00,22.18000000,20260616,73538.00000000,3310.00000000,FMKT,USD,AMX,ETF,US8863641408,FMKT.K,FMKT.K,40303818,20250609,0E-8,660000.00,US,The Free Markets ETF,1,USD,0,1742912,22.16000000,3310.00000000,,Alternatives,United States of America,20260614
Invesco BulletShares Corporate Bond 2035 USD,0.100000,,Invesco Capital Management LLC,Optimized,Y,,,"The Fund seeks to track the investment results of the Invesco BulletShares USD Corporate Bond 2035 Index. The Underlying Index seeks to measure the performance of a portfolio of US dollar-denominated investment-grade municipal bonds with maturities or, in some cases, effective maturities, in the year 2035.",20260614,N,20.49500000,20.51500000,20260616,pd65n101.tday_clpr,,0.000000,20.56990000,,,20.51000000,2026-06-14 00:00:00,20.56000000,20260616,1541065.00000000,75013.00000000,BSCZ,USD,NAS,ETF,US46139W7598,BSCZ.O,BSCZ.O,40303852,20250611,0E-8,12750001.00,US,Invesco BulletShares 2035 Corporate Bond ETF,1,USD,0,1657201,20.51500000,75013.00000000,,Bond,United States of America,20260614
Index is not available on Lipper Database,0.290000,,Federated Investment Management Co,,,,,"The Fund seeks current income. The Fund primarily invests in a diversified portfolio of investment-grade, fixed-income securities consisting primarily of corporate debt securities. Under normal market conditions, the Fund's dollar-weighted average effective duration is expected to be within a range of 1.5 to 3.5 years.",20260614,N,24.17000000,24.18000000,20260616,pd65n101.tday_clpr,,0.000000,24.18000000,65670000.00,,24.18000000,2026-06-14 00:00:00,24.18000000,20260616,0E-8,0E-8,FCSH,USD,AMX,ETF,US31423L1070,FCSH.K,FCSH.K,40233191,20211216,0E-8,2720004.00,US,Federated Hermes Short Duration Corporate ETF,1,USD,0,1849998,24.18000000,0E-8,,Bond,United States of America,20260614
MSCI US IMI/Utilities 25/50 TR USD,0.084000,,Fidelity Management & Research Company LLC,Optimized,Y,,,"The Fund seeks investment returns that correspond, before fees and expenses, generally to the performance of the MSCI USA IMI Utilities Index. The Fund will invest at least 80% of its assets in securities of MSCI USA IMI Utilities Index which represents the performance of the utilities sector in the U.S. equity market.",20260614,N,57.54000000,57.88000000,20260616,pd65n101.tday_clpr,,0.000000,58.16000000,2346050000.00,,57.20000000,2026-06-14 00:00:00,57.60000000,20260616,20180975.00000000,348630.00000000,FUTY,USD,AMX,ETF,US3160928657,FUTY.K,FUTY.K,40205302,20131021,0E-8,40750000.00,US,Fidelity MSCI Utilities Index ETF,1,USD,0,945908,57.88000000,348630.00000000,,Equity,United States of America,20260614
Solactive Video Games & Esports USD,0.500000,,Global X Management Co LLC,Optimized,Y,,,The Fund seeks to provide investment results that correspond generally to the price and yield performance of the Solactive Video Games & Esports Index. The Index is designed to provide exposure to exchange-listed companies that are positioned to benefit from increased consumption related to video games and esports.,20260614,N,24.65000000,24.76220000,20260616,pd65n101.tday_clpr,,0.000000,24.86000000,62060000.00,,24.59000000,2026-06-14 00:00:00,24.59000000,20260616,212126.00000000,8561.00000000,HERO,USD,NAS,ETF,US37954Y3927,HERO.O,HERO.O,40228182,20191029,0E-8,2520000.00,US,Global X Video Games & Esports ETF,1,USD,0,1432353,24.76220000,8561.00000000,,Equity,Global,20260614
Index is not provided by Management Company,0.390000,,Morgan Stanley Investment Management Inc,,,,,"The Fund seeks to provide high current income exempt from regular federal income tax. The Fund primarily invest in high yield municipal obligations that are rated at the time of investment either Baa or lower by Moody's Investors Service, Inc. or BBB or, if unrated, determined by the adviser to be of comparable quality.",20260614,N,50.66830000,50.70000000,20260616,pd65n101.tday_clpr,,0.000000,50.80000000,56640000.00,,50.46000000,2026-06-14 00:00:00,50.46000000,20260616,619187.00000000,12211.00000000,EVYM,USD,NAS,ETF,US61774R7834,EVYM.O,EVYM.O,40303242,20250225,0E-8,1120001.00,US,Eaton Vance High Income Municipal ETF,1,USD,0,1676326,50.70000000,12211.00000000,,Bond,United States of America,20260614
60% S&P 500/40% Bloomberg US Aggregate TR,0.840000,,Aptus Capital Advisors LLC,,,,,The Fund seeks capital appreciation while managing downside risk. The Fund is an actively managed ETF that employs proprietary trend-based and sector rotation strategies developed by the investment Sub-Adviser. The Fund invests in shares of other ETFs based on a rules-based process managed by the Sub-Adviser.,20260614,N,36.15470000,35.90250000,20260616,pd65n101.tday_clpr,,0.000000,35.97000000,179950000.00,,35.79000000,2026-06-14 00:00:00,35.79000000,20260616,752958.00000000,20960.00000000,MSMR,USD,AMX,ETF,US26922B7745,MSMR.K,MSMR.K,40233234,20211116,0E-8,4975000.00,US,McElhenny Sheffield Managed Risk ETF,1,USD,0,1540305,35.90250000,20960.00000000,,Equity,United States of America,20260614
S&P 500 TR,0.450000,,Empowered Funds LLC,,,,,"The Fund seeks income and long-term capital appreciation. Under normal circumstances, the Fund will invest at least 80% of its net assets in dividend-paying securities of US companies. The Fund seeks to achieve its investment objective by investing in equity securities of small-, mid- and large- capitalization companies.",20260614,N,37.44000000,37.29000000,20260616,pd65n101.tday_clpr,,0.000000,37.66000000,240520000.00,,37.27000000,2026-06-14 00:00:00,37.51000000,20260616,934007.00000000,24942.00000000,TBG,USD,AMX,ETF,US02072L3758,TBG,TBG,40300187,20231106,0E-8,6420000.00,US,TBG Dividend Focus ETF,1,USD,0,1592900,37.29000000,24942.00000000,,Equity,United States of America,20260614
MSCI AC World ex USA TR USD,0.720000,,Baillie Gifford Overseas Ltd,,,,,The Fund seeks capital appreciation. The Fund invests in an international portfolio of common stocks and other equity securities of issuers located in countries of developed and emerging markets. The portfolio managers principally select companies without regard to the MSCI ACWI (ex U.S.) benchmark.,20260614,N,25.59500000,26.10500000,20260616,pd65n101.tday_clpr,,0.000000,26.27000000,90500000.00,,26.07000000,2026-06-14 00:00:00,26.10000000,20260616,269644.00000000,10317.00000000,BGCG,USD,NAS,ETF,US05686D3098,BGCG.O,BGCG.O,40222268,20171214,0E-8,3552839.00,US,Baillie Gifford International Concentrated Gr ETF,1,USD,0,2060280,26.10500000,10317.00000000,,Equity,Global Ex US,20260614
Utilities Select Sector TR,0.030000,,SSGA Funds Management Inc,Optimized,Y,,,"The Fund seeks to provide investment results that, before expenses, correspond generally to the price and yield performance of the Utilities Select Sector Index. Under normal market conditions, the fund generally invests substantially all, but at least 95%, of its total assets in the securities comprising the Index.",20260614,N,44.53000000,44.74000000,20260616,pd65n101.tday_clpr,,0.000000,44.99990000,22734350000.00,,44.19000000,2026-06-14 00:00:00,44.48000000,20260616,824105170.00000000,18435204.00000000,XLU,USD,AMX,ETF,US81369Y8865,XLU,XLU,40061132,19981216,0E-8,510498320.00,US,State Street Utilities Select Sector SPDR ETF,1,USD,0,1064641,44.74000000,18435204.00000000,,Equity,United States of America,20260614
S&P 500 TR,0.700000,,Retireful LLC,,,,,The Fund seeks to provide capital appreciation. The Fund primarily invests in ETFs that invest in equity securities of any market capitalization including convertible equity securities and fixed income ETFs. The Fund is ideal for investors seeking long-term capital appreciation while minimizing principal fluctuation.,20260614,N,32.23960000,33.24290000,20260616,pd65n101.tday_clpr,,0.000000,33.25500000,16110000.00,32.220000,33.20000000,2026-06-14 00:00:00,33.20000000,20260616,22685.00000000,683.00000000,RULE,USD,AMX,ETF,US19423L5811,RULE.K,RULE.K,40232681,20211102,0E-8,500000.00,US,Adaptive Core ETF,1,USD,0,1719812,33.24290000,683.00000000,,Mixed Assets,United States of America,20260614
Index is not available on Lipper Database,0.100000,,Invesco Capital Management LLC,Optimized,Y,,,"The Fund seeks investment results that correspond to the performance, before the Fund's fees and expenses, of a high yield corporate bond index called the NASDAQ BulletShares USD High Yield Corporate Bond 2028 Index. The Fund will invest at least 80% of its total assets in securities that are components of the Index.",20260614,N,20.41500000,20.43000000,20260616,pd65n101.tday_clpr,,0.000000,20.44000000,3498130000.00,,20.42000000,2026-06-14 00:00:00,20.42000000,20260616,12359018.00000000,604952.00000000,BSCS,USD,NAS,ETF,US46138J6432,BSCS.O,BSCS.O,40224707,20180809,0E-8,171450001.00,US,Invesco BulletShares 2028 Corporate Bond ETF,1,USD,0,1657201,20.43000000,604952.00000000,,Bond,United States of America,20260614
S&P 500 TR,0.120000,,Principal Global Investors LLC,,,,,The Fund seeks long-term growth of capital. The Fund invests at least 80% of its net assets in equity securities of US companies with very large market capitalizations in the top 50th of the S&P 500 Index. The Fund uses a proprietary quantitative model to identify securities that have the largest market capitalizations.,20260614,N,72.65000000,74.04000000,20260616,pd65n101.tday_clpr,,0.000000,74.17000000,3421700000.00,,73.60000000,2026-06-14 00:00:00,73.60000000,20260616,3556739.00000000,48065.00000000,USMC,USD,NAS,ETF,US74255Y8701,USMC.O,USMC.O,40222177,20171011,0E-8,47080001.00,US,Principal US Mega-Cap ETF,1,USD,0,1572661,74.04000000,48065.00000000,,Equity,United States of America,20260614
Index is not provided by Management Company,0.360000,,Dimensional Fund Advisors LP,,,,,The Fund seeks to achieve long-term capital appreciation. The Fund pays transaction costs when it buys and sells securities and may purchase or sell futures contracts and options on futures contracts for U.S. equity securities and indices. The Fund may lend its portfolio securities to generate additional income.,20260614,N,58.81000000,58.62000000,20260616,pd65n101.tday_clpr,,0.000000,59.64000000,141060000.00,58.775000,58.62000000,2026-06-14 00:00:00,59.64000000,20260616,806135.00000000,13701.00000000,DFMC,USD,AMX,ETF,US25239Y2384,DFMC.K,DFMC.K,40306365,20260319,0E-8,2400000.00,US,DFA US Micro Cap Portfolio;ETF,1,USD,0,355437,58.62000000,13701.00000000,,Equity,United States of America,20260614
S&P 500 TR,0.640000,,Nuveen Fund Advisors LLC,,,,,"The Fund seeks an attractive total return comprised of income from dividends and long-term capital appreciation. Under normal market conditions, the Fund invests at least 80% of the sum of its net assets in dividend-paying exchange-traded equity securities, which include common stocks and preferred securities.",20260614,N,33.54370000,33.67760000,20260406,pd65n101.tday_clpr,,,33.67760000,13140000.00,,33.30000000,2026-06-14 00:00:00,33.30000000,20260407,16017.00000000,481.00000000,NDVG,USD,AMX,ETF,US67092P8216,NDVG.K,NDVG.K,40232655,20210804,0E-8,390000.00,US,Nuveen Dividend Growth ETF,1,USD,0,1635073,33.67760000,481.00000000,,Equity,United States of America,20260614
Index is not provided by Management Company,0.790000,,Innovator Capital Management LLC,,,,,"The Fund seeks to deliver growth by capturing gains in the underlying ETF up to the Upside Cap, while offering downside protection. If the ETF declines moderately, the Fund can generate positive returns that offset those losses, and if losses are larger, the Fund provides a 15% buffer against ETF declined.",20260614,N,19.94500000,20.06000000,20260616,pd65n101.tday_clpr,,0.000000,20.09000000,74220000.00,,20.03000000,2026-06-14 00:00:00,20.08000000,20260616,576503.00000000,28736.00000000,DDFY,USD,AMX,ETF,US45784N3382,DDFY.K,DDFY.K,40306630,20260430,0E-8,3725000.00,US,Innovator Eq Dual Directional 15 Buffer ETF - May,1,USD,0,1415726,20.06000000,28736.00000000,,Alternatives,United States of America,20260614
MSCI USA/Comm SVC TR,0.250000,,Global X Management Co LLC,Optimized,Y,,,"""The Fund seeks to provide investment results that correspond generally to the price and yield performance before fees and expenses of the MSCI USA Communication Services Index (""""Underlying Index""""). Under normal circumstances the Fund invests at least 80% of its net assets in the Communication Services sector.""",20260614,N,30.42000000,31.17000000,20260616,pd65n101.tday_clpr,,0.000000,31.39000000,75680000.00,,31.04500000,2026-06-14 00:00:00,31.04500000,20260616,1680642.00000000,53773.00000000,GXPC,USD,AMX,ETF,US37960A2978,GXPC.K,GXPC.K,40304184,20250722,0E-8,2490000.00,US,Global X PureCap MSCI Communication Services ETF,1,USD,0,1432353,31.17000000,53773.00000000,,Equity,United States of America,20260614
S&P 500 TR,0.990000,,Tidal Investments LLC,,,,,"The Fund seeks current income as its primary objective. The Fund's secondary investment objective is to seek exposure to the share price of the common stock of Tesla, Inc. (TSLA), subject to a limit on potential investment gains. The Fund will seek to employ its investment strategy as it relates to TSLA.",20260614,N,28.25000000,28.45000000,20260616,pd65n101.tday_clpr,,0.000000,28.67000000,841880000.00,,28.28820000,2026-06-14 00:00:00,28.50000000,20260616,12936899.00000000,455071.00000000,TSLY,USD,AMX,ETF,US88636X8801,TSLY.K,TSLY.K,40235761,20221122,0E-8,29729965.00,US,YieldMax TSLA Option Income Strategy ETF,1,USD,0,1924868,28.45000000,455071.00000000,,Alternatives,United States of America,20260614
Bloomberg U.S. Aggregate Bond TR,0.190000,,Principal Global Investors LLC,,,,,"The Fund seeks to provide current income and, as a secondary objective, capital appreciation. The Fund seeks to invest at least 80% of its net assets in investment grade corporate bonds and other fixed income securities at the time of purchase, and to maintain an average portfolio duration of 7.50 years.",20260614,N,20.63990000,20.68000000,20260616,pd65n101.tday_clpr,,0.000000,20.68010000,179110000.00,,20.64010000,2026-06-14 00:00:00,20.68000000,20260616,481832.00000000,23323.00000000,IG,USD,AMX,ETF,US74255Y8214,IG,IG,40223983,20180418,0E-8,8700001.00,US,Principal Investment Grade Corporate ETF,1,USD,0,1572661,20.68000000,23323.00000000,,Bond,United States of America,20260614
Index is not provided by Management Company,0.800000,,Virtus Investment Advisers LLC,,,,,"The Fund seeks long-term capital appreciation. Under normal circumstances, the Fund invests at least 80% of its net assets (plus any borrowings for investment purposes) in securities of medium market capitalization companies that the sub-adviser believed to be undervalued relative to their future growth potential.",20260614,N,25.09230000,25.28000000,20260616,pd65n101.tday_clpr,,0.000000,25.39000000,47750000.00,,25.27000000,2026-06-14 00:00:00,25.30100000,20260616,647435.00000000,25524.00000000,KMID,USD,AMX,ETF,US92790A8687,KMID.K,KMID.K,40302188,20241015,0E-8,1900004.00,US,Virtus KAR Mid-Cap ETF,1,USD,0,1648403,25.28000000,25524.00000000,,Equity,United States of America,20260614
Index is not provided by Management Company,0.000000,,Rayliant Investment Research,,,,,"The Fund seeks long-term capital appreciation. Under normal circumstances, the Fund will invest at least 80% of its net assets in equity securities of issuers located in Japan. The equity securities in which the Fund primarily invests are common stock and preferred stock determined by the Sub-Adviser.",20260614,N,38.96880000,39.93500000,20260616,pd65n101.tday_clpr,,0.000000,39.93500000,44910000.00,,38.96880000,2026-06-14 00:00:00,38.96880000,20260616,2923.00000000,75.00000000,RAYJ,USD,AMX,ETF,US00775Y3559,RAYJ.K,RAYJ.K,40301356,20240403,0E-8,1175000.00,US,Rayliant SMDAM Japan Equity ETF,1,USD,0,1593547,39.93500000,75.00000000,,Equity,Japan,20260614
Index is not provided by Management Company,0.450000,,Corgi Strategies LLC,,,,,"The Fund seeks daily investment results, before fees and expenses, that correlate to two times the daily performance of the State Street Consumer Discretionary Select Sector SPDR Fund. The Fund will invest at least 80% of the value of its net assets, plus any borrowings for investment purposes, in financial instruments.",20260614,N,24.38080000,25.26530000,20260616,pd65n101.tday_clpr,,0.000000,24.46270000,240000.00,24.000000,24.46270000,2026-06-14 00:00:00,24.46270000,20260613,0E-8,0E-8,XLYX,USD,AMX,ETF,US21874W8432,XLYX.K,XLYX.K,40306930,20260602,0E-8,10000.00,US,Corgi US Consumer Discretionary 2x Daily ETF,1,USD,0,2078265,24.46270000,0E-8,,Alternatives,United States of America,20260614
Index is not provided by Management Company,0.190000,,PGIM Investments LLC,,,,,"The Fund seeks long-term capital appreciation. Under normal circumstances, the Fund is an actively managed ETF & invests at least 80% of its investable assets in equity and equity-related securities of US companies. The term investable assets refers to the Fund's net assets plus any borrowings for investment purposes.",20260614,N,50.50270000,51.33520000,20260616,pd65n101.tday_clpr,,0.000000,50.68520000,6590000.00,,50.68520000,2026-06-14 00:00:00,50.68520000,20260613,0E-8,0E-8,PJUS,USD,AMX,ETF,US69344A6938,PJUS.K,PJUS.K,40306795,20260520,0E-8,130000.00,US,PGIM Jennison U.S. Core Equity ETF,1,USD,0,1727074,50.68520000,0E-8,,Equity,United States of America,20260614
Index is not provided by Management Company,0.690000,,Calamos Advisors LLC,,,,,"The Fund seeks to provide investment results that, before taking fees and expenses into account, match the positive price return of the Invesco QQQ Trust, Series 1 up to a cap of 8.67% while protecting against 100% of negative price return of Underlying ETF for the period from December 1, 2024 through November 30, 2025.",20260614,N,27.32990000,27.40660000,20260616,pd65n101.tday_clpr,,0.000000,27.40660000,,,27.39000000,2026-06-14 00:00:00,27.39000000,20260616,0E-8,0E-8,CPNQ,USD,AMX,ETF,US12811T8523,CPNQ.K,CPNQ.K,40302759,20241202,0E-8,0.00,US,Calamos Nasdaq-100 Structured Alt Prot ETF - Dec,1,USD,0,1579881,27.40660000,0E-8,,Alternatives,United States of America,20260614
Index is not provided by Management Company,0.500000,,Invesco Capital Management LLC,,,,,"The Fund seeks long-term capital appreciation. It is actively managed exchange traded fund that seeks to achieve its investment objective by taking both long and short positions in derivative contracts. The derivative contracts in which Fund may invest in futures contracts, foreign currency forward contracts, and swaps.",20260614,N,51.53630000,51.66990000,20260616,pd65n101.tday_clpr,,0.000000,51.67000000,306110000.00,,51.55000000,2026-06-14 00:00:00,51.59000000,20260616,118104.00000000,2290.00000000,IMF,USD,AMX,ETF,US46127B1061,IMF,IMF,40303374,20250319,0E-8,5940001.00,US,Invesco Managed Futures Strategy ETF,1,USD,0,1418144,51.66990000,2290.00000000,,Alternatives,United States of America,20260614
Dow Jones US Semiconductors TR,0.000000,,ProShare Advisors LLC,Swap,Y,Y,,"The Fund seeks daily investment results, before fees and expenses, that correspond to twice (200%) the inverse (opposite) of the daily performance of the Dow Jones U.S. Semiconductors Index.",20260614,N,12.90000000,11.69000000,20260616,pd65n101.tday_clpr,,0.000000,12.09000000,48320000.00,,11.67000000,2026-06-14 00:00:00,11.95000000,20260616,11120329.00000000,936737.00000000,SSG,USD,AMX,ETF,US74350P5843,SSG,SSG,40111534,20070130,0E-8,3753496.00,US,ProShares UltraShort Semiconductors,1,USD,0,1174610,11.69000000,936737.00000000,N,Alternatives,United States of America,20260614
Index is not provided by Management Company,0.850000,,Innovator Capital Management LLC,,,,,"The Fund seeks to provide investors with returns that match the price return of the iShares MSCI EAFE ETF, up to the upside cap of 20.95% (prior to taking into account management fees) while providing a buffer against the first 15% of iShares MSCI EAFE ETF losses, over the period from May 1, 2024 through April 30, 2025.",20260614,N,31.65510000,31.77570000,20260616,pd65n101.tday_clpr,,0.000000,31.86000000,55200000.00,,31.77570000,2026-06-14 00:00:00,31.86000000,20260616,28250.00000000,888.00000000,IMAY,USD,AMX,ETF,US45783Y2937,IMAY.K,IMAY.K,40301445,20240430,0E-8,1750000.00,US,Innovator Intl Developed Power Buffer ETF - May,1,USD,0,1415726,31.77570000,888.00000000,,Alternatives,Global Ex US,20260614
S&P SmallCap 600 Capped Consumer Staples TR,0.290000,,Invesco Capital Management LLC,Optimized,Y,,,The Fund seeks to track the investment results of an Underlying Index. The Fund generally will invest at least 90% of its total assets in the securities of small-capitalization US consumer staples companies that are engaged in the business of providing consumer goods and services that have non-cyclical characteristics.,20260614,N,34.90750000,34.97310000,20260616,pd65n101.tday_clpr,,0.000000,35.17000000,34580000.00,,34.92000000,2026-06-14 00:00:00,35.17000000,20260616,302655.00000000,8647.00000000,PSCC,USD,NAS,ETF,US46138E1727,PSCC.O,PSCC.O,40182508,20100406,0E-8,990000.00,US,Invesco S&P SmallCap Consumer Staples ETF,1,USD,0,1378872,34.97310000,8647.00000000,,Equity,United States of America,20260614
Index is not provided by Management Company,0.350000,,Corgi Strategies LLC,,,,,"The Fund seeks capital appreciation. The Fund invests at least 80% of its net assets (plus any borrowings for investment purposes) in a portfolio of companies materially involved in the research, development, manufacturing, and commercialization of quantum computing and quantum-enabled technologies.",20260614,N,28.16110000,31.68000000,20260616,pd65n101.tday_clpr,,0.000000,32.12150000,10700000.00,,29.86000000,2026-06-14 00:00:00,29.86000000,20260616,2609866.00000000,83372.00000000,CQTM,USD,AMX,ETF,US2189467705,CQTM.K,CQTM.K,40306706,20260505,0E-8,380000.00,US,Corgi Quantum Computing ETF,1,USD,0,2078265,31.68000000,83372.00000000,,Equity,United States of America,20260614
Index is not provided by Management Company,0.450000,,Empowered Funds LLC,,,,,"The Fund seeks to achieve long-term growth of capital and generate current income, also invest across a variety of sectors, and actively managed exchange-traded fund. Under normal circumstances, the Fund invests at least 80% of its net assets in equity securities or ETFs that provide exposure to equity securities.",20260614,N,44.37720000,45.88360000,20260616,pd65n101.tday_clpr,,0.000000,46.06000000,285660000.00,,45.76000000,2026-06-14 00:00:00,45.76000000,20260616,190793.00000000,4159.00000000,AFOS,USD,NAS,ETF,US02072Q5311,AFOS.O,AFOS.O,40303936,20250625,0E-8,6440000.00,US,ARS Focused Opportunities Strategy ETF,1,USD,0,1592900,45.88360000,4159.00000000,,Equity,United States of America,20260614
Index is not available on Lipper Database,0.000000,,ProShare Advisors LLC,Optimized,Y,,,"The Fund seeks investment results, before fees and expenses, that track the performance of the LPX Direct Listed Private Equity Index. The Fund invests in securities that ProShare Advisors believes should track the performance of the Index. The Fund will invest at least 80% of its total assets in component securities.",20260614,N,22.05870000,22.03500000,20260616,pd65n101.tday_clpr,,0.000000,22.15000000,11070000.00,,22.03500000,2026-06-14 00:00:00,22.11500000,20260616,73607.00000000,3329.00000000,PEX,USD,AMX,ETF,US74348A5332,PEX,PEX,40204837,20130226,0E-8,500001.00,US,ProShares Global Listed Private Equity ETF,1,USD,0,1174610,22.03500000,3329.00000000,,Equity,Global,20260614
ICE U.S. Treasury 3 -7 Year TR Index,0.150000,,BlackRock Fund Advisors,Optimized,Y,,,"The Fund seeks investment results that correspond to the intermediate-term sector of the U.S. Treasury market as defined by the Barclays Capital 3-7 Year U.S. Treasury Index.  The Index includes all publicly issued, U.S. Treasury securities that have a remaining maturity between 3 and 7 years and are investment grade.",20260614,N,117.21000000,117.34000000,20260616,pd65n101.tday_clpr,,0.000000,117.49000000,18350140000.00,,117.31500000,2026-06-14 00:00:00,117.43000000,20260616,72626777.00000000,618740.00000000,IEI,USD,NAS,ETF,US4642886612,IEI.O,IEI.O,40111250,20070105,0E-8,156600000.00,US,iShares 3-7 Year Treasury Bond ETF,1,USD,0,1100663,117.34000000,618740.00000000,,Bond,United States of America,20260614
Bianco Research Fixed Income TR USD,0.480000,,WisdomTree Asset Management Inc,Optimized,Y,,,The Fund seeks to track the price and yield performance of the Bianco Research Fixed Income Total Return Index. It employs a multi-step rules-based index process administered by an Index Committee to construct and maintain the Index. The rules-based index process defines the fixed income ETF eligibility criteria.,20260614,N,25.17500000,25.23500000,20260616,pd65n101.tday_clpr,,0.000000,25.30000000,106970000.00,,25.23000000,2026-06-14 00:00:00,25.23000000,20260616,132240.00000000,5230.00000000,WTBN,USD,NAS,ETF,US97717Y4513,WTBN.O,WTBN.O,40300555,20231220,0E-8,4250000.00,US,WisdomTree Bianco Total Return Fund,1,USD,0,1350487,25.23500000,5230.00000000,,Bond,United States of America,20260614
S&P AMT-Free Municipal Call Fac Adj 2027 S USD,0.180000,,BlackRock Fund Advisors,Optimized,Y,,,"The Fund seeks to track the investment results of an index composed of investment-grade U.S. municipal bonds maturing after December 31, 2026 an prior December 2, 2027. The index includes municipal bonds from issuers that are state or local governments such that the interest on the bonds is exempt from income taxes.",20260614,N,25.38500000,25.40000000,20260616,pd65n101.tday_clpr,,0.000000,25.45000000,648200000.00,,25.38000000,2026-06-14 00:00:00,25.38500000,20260616,2540866.00000000,100007.00000000,IBMP,USD,AMX,ETF,US46435U2832,IBMP.K,IBMP.K,40226253,20190409,0E-8,25550000.00,US,iShares iBonds Dec 2027 Term Muni Bond ETF,1,USD,0,1100663,25.40000000,100007.00000000,,Bond,United States of America,20260614
Index is not available on Lipper Database,0.500000,,ProShare Advisors LLC,Optimized,Y,,,"The Fund seeks investment results, before fees and expenses, that track the performance of the FTSE High Yield Index. The Index is comprised of long positions in USD-denominated high yield corporate bonds and short positions in US Treasury notes or bonds of approximate equivalent duration to the high yield bonds.",20260614,N,64.82000000,64.76000000,20260616,pd65n101.tday_clpr,,0.000000,64.95340000,174640000.00,,64.65960000,2026-06-14 00:00:00,64.66000000,20260616,597016.00000000,9216.00000000,HYHG,USD,AMX,ETF,US74348A5415,HYHG.K,HYHG.K,40204658,20130521,0E-8,2700001.00,US,ProShares High Yield-Interest Rate Hedged,1,USD,0,1174610,64.76000000,9216.00000000,,Bond,United States of America,20260614
MSCI EAFE NR USD,0.260000,,WisdomTree Asset Management Inc,,,,,"The Fund seeks total return. The Fund seeks to achieve its investment objective by investing in international equity securities and US Treasury futures contracts. The Fund invests in a representative basket of developed market equity securities, excluding the United States and Canada, weighted by market capitalization.",20260614,N,47.28630000,47.55000000,20260616,pd65n101.tday_clpr,,0.000000,47.79000000,498140000.00,,47.50000000,2026-06-14 00:00:00,47.78000000,20260616,4710156.00000000,98977.00000000,NTSI,USD,AMX,ETF,US97717Y6344,NTSI.K,NTSI.K,40232113,20210518,0E-8,10600000.00,US,WisdomTree International Efficient Core Fund,1,USD,0,1350487,47.55000000,98977.00000000,,Mixed Assets,Global Ex US,20260614
MSCI EAFE NR USD,0.800000,,First Trust Advisors LP,,,,,"The Fund seeks is to provide capital appreciation. Under normal market conditions, it seeks to achieve its objective by investing at least 80% of its net assets in common stocks and depositary receipts of developed market companies listed and traded on non-US exchanges that exhibit low future expected volatility.",20260614,N,37.59570000,37.32260000,20260616,pd65n101.tday_clpr,,0.000000,37.50000000,16900000.00,,37.32000000,2026-06-14 00:00:00,37.50000000,20260616,69024.00000000,1846.00000000,HDMV,USD,AMX,ETF,US33739P8712,HDMV.K,HDMV.K,40216692,20160824,0E-8,450002.00,US,First Trust Horizon Managed Vol Dev Intl ETF,1,USD,0,1424212,37.32260000,1846.00000000,,Equity,Global Ex US,20260614
ICE U.S. Treasury 7-10 Year TR USD,0.520000,,ProShare Advisors LLC,Swap,Y,Y,,"The Fund seeks daily investment results, before fees and expenses that correspond to twice (200%) the inverse (opposite) of the daily performance of the Barclays Capital 7-10 Year U.S. Treasury Index.",20260614,N,23.06000000,22.96000000,20260616,pd65n101.tday_clpr,,0.000000,22.97000000,11500000.00,23.000000,22.90000000,2026-06-14 00:00:00,22.90000000,20260616,116529.00000000,5078.00000000,PST,USD,AMX,ETF,US74347R3131,PST,PST,40119534,20080429,0E-8,500000.00,US,ProShares UltraShort 7-10 Year Treasury,1,USD,0,1174610,22.96000000,5078.00000000,N,Bond,United States of America,20260614
MSCI India NR USD,0.750000,,Rafferty Asset Management LLC,Swap,Y,,,"""The Fund seeks daily investment results of 200% of the performance of the MSCI India Index (""""India Index""""). The Fund invests at least 80% of its net assets in financial instruments that track the Index and other financial instruments that provide daily leveraged exposure to the Index or to ETFs that track the Index.""",20260614,N,43.47000000,45.28000000,20260616,pd65n101.tday_clpr,,0.000000,45.49950000,56570000.00,,45.08000000,2026-06-14 00:00:00,45.08000000,20260616,2513663.00000000,55519.00000000,INDL,USD,AMX,ETF,US25490K3317,INDL.K,INDL.K,40122017,20100311,0E-8,1299686.00,US,Direxion Daily MSCI India Bull 2X ETF,1,USD,0,1424958,45.28000000,55519.00000000,,Alternatives,India,20260614
S&P Software & Services Select Industry TR USD,0.350000,,SSGA Funds Management Inc,Optimized,Y,,,"The Fund seeks to replicate the performance of an index derived from the computer software segment of a U.S. total market composite index. The Fund generally invests substantially all, but at least 80%, of its total assets in the securities comprising the Index, the S&P Software & Services Select Industry.",20260614,N,166.16000000,167.70000000,20260616,pd65n101.tday_clpr,,0.000000,170.21000000,398630000.00,,167.31000000,2026-06-14 00:00:00,169.85000000,20260616,8222777.00000000,48716.00000000,XSW,USD,AMX,ETF,US78464A5992,XSW,XSW,40193109,20110928,0E-8,2400000.00,US,State Street SPDR S&P Software & Services ETF,1,USD,0,1064642,167.70000000,48716.00000000,,Equity,United States of America,20260614
